5.50012	-3.05621	
5.50037	-3.03593	
5.50063	-3.01564	
5.50089	-3.04945	
5.50115	-3.0472	
5.50141	-3.04494	
5.50167	-3.04607	
5.50193	-3.0472	
5.50219	-3.04832	
5.50245	-3.04945	
5.50271	-3.05642	
5.50296	-3.0634	
5.50322	-3.07037	
5.50348	-3.07734	
5.50374	-3.08432	
5.504	-3.09129	
5.50426	-3.09827	
5.50452	-3.10524	
5.50478	-3.09305	
5.50504	-3.08087	
5.5053	-3.06868	
5.50556	-3.05649	
5.50581	-3.07136	
5.50607	-3.08622	
5.50633	-3.10108	
5.50659	-3.11595	
5.50685	-3.13514	
5.50711	-3.15434	
5.50737	-3.17353	
5.50763	-3.19273	
5.50789	-3.14881	
5.50815	-3.10489	
5.5084	-3.06097	
5.50866	-3.01705	
5.50892	-3.03737	
5.50918	-3.05769	
5.50944	-3.07801	
5.5097	-3.09834	
5.50996	-3.07921	
5.51022	-3.06009	
5.51048	-3.09281	
5.51074	-3.21569	
5.51099	-3.37922	
5.51125	-3.45258	
5.51151	-3.40197	
5.51177	-3.35136	
5.51203	-3.3402	
5.51229	-3.32903	
5.51255	-3.31787	
5.51281	-3.3067	
5.51307	-3.37049	
5.51333	-3.43427	
5.51359	-3.49805	
5.51384	-3.56184	
5.5141	-3.54447	
5.51436	-3.52711	
5.51462	-3.50975	
5.51488	-3.49238	
5.51514	-3.43283	
5.5154	-3.37327	
5.51566	-3.31371	
5.51592	-3.25415	
5.51618	-3.19459	
5.51643	-3.13504	
5.51669	-3.07548	
5.51695	-3.01592	
5.51721	-3.05047	
5.51747	-3.08502	
5.51773	-3.11957	
5.51799	-3.15413	
5.51825	-3.14359	
5.51851	-3.13306	
5.51877	-3.12253	
5.51903	-3.112	
5.51928	-3.14937	
5.51954	-3.18674	
5.5198	-3.22411	
5.52006	-3.26148	
5.52032	-3.2718	
5.52058	-3.28212	
5.52084	-3.29244	
5.5211	-3.30276	
5.52136	-3.24996	
5.52162	-3.19717	
5.52187	-3.14437	
5.52213	-3.09157	
5.52239	-3.11993	
5.52265	-3.14828	
5.52291	-3.17663	
5.52317	-3.20498	
5.52343	-3.15913	
5.52369	-3.11327	
5.52395	-3.06741	
5.52421	-3.02156	
5.52447	-3.05685	
5.52472	-3.09214	
5.52498	-3.12743	
5.52524	-3.16272	
5.5255	-3.10954	
5.52576	-3.05635	
5.52602	-3.00317	
5.52628	-2.94999	
5.52654	-2.83932	
5.5268	-2.72866	
5.52706	-2.63152	
5.52731	-2.69668	
5.52757	-2.82256	
5.52783	-2.89434	
5.52809	-2.8985	
5.52835	-2.90265	
5.52861	-2.90906	
5.52887	-2.91547	
5.52913	-2.86778	
5.52939	-2.8201	
5.52965	-2.7803	
5.5299	-2.7405	
5.53016	-2.8089	
5.53042	-2.87729	
5.53068	-2.93893	
5.53094	-3.00056	
5.5312	-3.0081	
5.53146	-3.01564	
5.53172	-2.99046	
5.53198	-2.96527	
5.53224	-2.94009	
5.5325	-2.91491	
5.53275	-2.94721	
5.53301	-2.9795	
5.53327	-2.9036	
5.53353	-2.8277	
5.53379	-2.76758	
5.53405	-2.70746	
5.53431	-2.64734	
5.53457	-2.58722	
5.53483	-2.49554	
5.53509	-2.40386	
5.53534	-2.30542	
5.5356	-2.20698	
5.53586	-1.97273	
5.53612	-1.63028	
5.53638	-1.06016	
5.53664	-0.273656	
5.5369	0.814903	
5.53716	2.11986	
5.53742	3.18137	
5.53768	3.59369	
5.53794	3.34838	
5.53819	2.59815	
5.53845	1.73972	
5.53871	1.24195	
5.53897	1.28968	
5.53923	1.84232	
5.53949	2.76915	
5.53975	3.69597	
5.54001	4.06036	
5.54027	3.63131	
5.54053	2.68381	
5.54078	1.37565	
5.54104	0.121589	
5.5413	-0.771813	
5.54156	-1.3271	
5.54182	-1.66599	
5.54208	-1.85273	
5.54234	-2.03947	
5.5426	-2.10449	
5.54286	-2.1695	
5.54312	-2.25255	
5.54337	-2.3356	
5.54363	-2.41865	
5.54389	-2.5017	
5.54415	-2.54002	
5.54441	-2.57834	
5.54467	-2.61666	
5.54493	-2.65498	
5.54519	-2.6933	
5.54545	-2.73162	
5.54571	-2.76994	
5.54597	-2.80826	
5.54622	-2.80713	
5.54648	-2.80601	
5.54674	-2.80488	
5.547	-2.80375	
5.54726	-2.80263	
5.54752	-2.8015	
5.54778	-2.80037	
5.54804	-2.79924	
5.5483	-2.80801	
5.54856	-2.81678	
5.54881	-2.82555	
5.54907	-2.83432	
5.54933	-2.84309	
5.54959	-2.85186	
5.54985	-2.86063	
5.55011	-2.8694	
5.55037	-2.87648	
5.55063	-2.88356	
5.55089	-2.89064	
5.55115	-2.89772	
5.55141	-2.9048	
5.55166	-2.91188	
5.55192	-2.91896	
5.55218	-2.92604	
5.55244	-2.94699	
5.5527	-2.96795	
5.55296	-2.98891	
5.55322	-3.00986	
5.55348	-3.00377	
5.55374	-2.99768	
5.554	-2.99158	
5.55425	-2.98549	
5.55451	-2.96418	
5.55477	-2.94287	
5.55503	-2.92157	
5.55529	-2.90026	
5.55555	-2.906	
5.55581	-2.91174	
5.55607	-2.91748	
5.55633	-2.92322	
5.55659	-2.91491	
5.55685	-2.9066	
5.5571	-2.89828	
5.55736	-2.88997	
5.55762	-2.90871	
5.55788	-2.92745	
5.55814	-2.94618	
5.5584	-2.96492	
5.55866	-2.92505	
5.55892	-2.88518	
5.55918	-2.84531	
5.55944	-2.80544	
5.55969	-2.81066	
5.55995	-2.81587	
5.56021	-2.82108	
5.56047	-2.82629	
5.56073	-2.87969	
5.56099	-2.93308	
5.56125	-2.98648	
5.56151	-3.03987	
5.56177	-2.97605	
5.56203	-2.91223	
5.56228	-2.84841	
5.56254	-2.78459	
5.5628	-2.81488	
5.56306	-2.84517	
5.56332	-2.87546	
5.56358	-2.90575	
5.56384	-2.90899	
5.5641	-2.91223	
5.56436	-2.91547	
5.56462	-2.91871	
5.56488	-2.91656	
5.56513	-2.91442	
5.56539	-2.91227	
5.56565	-2.91012	
5.56591	-2.97559	
5.56617	-3.04107	
5.56643	-2.99835	
5.56669	-2.95562	
5.56695	-2.86613	
5.56721	-2.77663	
5.56747	-2.79533	
5.56772	-2.81404	
5.56798	-2.84626	
5.56824	-2.87849	
5.5685	-2.91072	
5.56876	-2.94294	
5.56902	-2.91579	
5.56928	-2.88863	
5.56954	-2.86148	
5.5698	-2.83432	
5.57006	-2.80942	
5.57032	-2.78452	
5.57057	-2.86782	
5.57083	-2.95111	
5.57109	-2.94312	
5.57135	-2.93513	
5.57161	-2.92713	
5.57187	-2.91914	
5.57213	-2.9179	
5.57239	-2.91667	
5.57265	-2.91544	
5.57291	-2.9142	
5.57316	-2.89307	
5.57342	-2.87194	
5.57368	-2.85081	
5.57394	-2.82967	
5.5742	-2.80854	
5.57446	-2.78741	
5.57472	-2.76628	
5.57498	-2.74515	
5.57524	-2.71162	
5.5755	-2.67809	
5.57576	-2.64456	
5.57601	-2.61103	
5.57627	-2.5775	
5.57653	-2.54397	
5.57679	-2.51044	
5.57705	-2.47691	
5.57731	-2.43978	
5.57757	-2.40266	
5.57783	-2.36554	
5.57809	-2.32842	
5.57835	-2.34089	
5.5786	-2.35335	
5.57886	-2.25762	
5.57912	-2.16189	
5.57938	-2.0008	
5.57964	-1.8397	
5.5799	-1.54561	
5.58016	-1.14332	
5.58042	-0.531399	
5.58068	0.296916	
5.58094	1.53323	
5.58119	2.98593	
5.58145	4.10538	
5.58171	4.57564	
5.58197	4.32459	
5.58223	3.56861	
5.58249	2.72248	
5.58275	2.237	
5.58301	2.34435	
5.58327	2.95662	
5.58353	4.01296	
5.58379	4.96109	
5.58404	5.31639	
5.5843	4.87825	
5.58456	3.76613	
5.58482	2.43762	
5.58508	1.24435	
5.58534	0.411735	
5.5856	-0.182505	
5.58586	-0.56035	
5.58612	-0.784916	
5.58638	-1.00948	
5.58663	-1.1822	
5.58689	-1.35492	
5.58715	-1.41945	
5.58741	-1.48397	
5.58767	-1.553	
5.58793	-1.62204	
5.58819	-1.69107	
5.58845	-1.7601	
5.58871	-1.84942	
5.58897	-1.93874	
5.58923	-2.02806	
5.58948	-2.11738	
5.58974	-2.13601	
5.59	-2.15464	
5.59026	-2.17327	
5.59052	-2.1919	
5.59078	-2.12262	
5.59104	-2.05335	
5.5913	-2.09226	
5.59156	-2.13118	
5.59182	-2.16447	
5.59207	-2.19775	
5.59233	-2.23103	
5.59259	-2.26432	
5.59285	-2.24125	
5.59311	-2.21818	
5.59337	-2.19511	
5.59363	-2.17204	
5.59389	-2.18813	
5.59415	-2.20423	
5.59441	-2.22033	
5.59467	-2.23642	
5.59492	-2.23223	
5.59518	-2.22804	
5.59544	-2.11565	
5.5957	-2.00326	
5.59596	-1.96357	
5.59622	-1.92387	
5.59648	-1.88418	
5.59674	-1.84449	
5.597	-1.79803	
5.59726	-1.75158	
5.59751	-1.70512	
5.59777	-1.65866	
5.59803	-1.59488	
5.59829	-1.5311	
5.59855	-1.46731	
5.59881	-1.40353	
5.59907	-1.42089	
5.59933	-1.43826	
5.59959	-1.45562	
5.59985	-1.47298	
5.6001	-1.48415	
5.60036	-1.49531	
5.60062	-1.50648	
5.60088	-1.51764	
5.60114	-1.52881	
5.6014	-1.53997	
5.60166	-1.55114	
5.60192	-1.5623	
5.60218	-1.62728	
5.60244	-1.69227	
5.6027	-1.75725	
5.60295	-1.82223	
5.60321	-1.88721	
5.60347	-1.95219	
5.60373	-2.01717	
5.60399	-2.08216	
5.60425	-2.11389	
5.60451	-2.14562	
5.60477	-2.17736	
5.60503	-2.20909	
5.60529	-2.24082	
5.60554	-2.27256	
5.6058	-2.30429	
5.60606	-2.33603	
5.60632	-2.33916	
5.60658	-2.34229	
5.60684	-2.34543	
5.6071	-2.34856	
5.60736	-2.37875	
5.60762	-2.40893	
5.60788	-2.43912	
5.60814	-2.4693	
5.60839	-2.5023	
5.60865	-2.5353	
5.60891	-2.5683	
5.60917	-2.60131	
5.60943	-2.57119	
5.60969	-2.54108	
5.60995	-2.51096	
5.61021	-2.48085	
5.61047	-2.52921	
5.61073	-2.57757	
5.61098	-2.62592	
5.61124	-2.67428	
5.6115	-2.67756	
5.61176	-2.68083	
5.61202	-2.68411	
5.61228	-2.68738	
5.61254	-2.67432	
5.6128	-2.66125	
5.61306	-2.64818	
5.61332	-2.63512	
5.61357	-2.62205	
5.61383	-2.60898	
5.61409	-2.59592	
5.61435	-2.58285	
5.61461	-2.54837	
5.61487	-2.51389	
5.61513	-2.47941	
5.61539	-2.44493	
5.61565	-2.4375	
5.61591	-2.43006	
5.61617	-2.42263	
5.61642	-2.4152	
5.61668	-2.49173	
5.61694	-2.56827	
5.6172	-2.70566	
5.61746	-2.73486	
5.61772	-2.68967	
5.61798	-2.64449	
5.61824	-2.59254	
5.6185	-2.54059	
5.61876	-2.52667	
5.61901	-2.51276	
5.61927	-2.50561	
5.61953	-2.49846	
5.61979	-2.40115	
5.62005	-2.41203	
5.62031	-2.51759	
5.62057	-2.73134	
5.62083	-2.96651	
5.62109	-3.20167	
5.62135	-3.28807	
5.62161	-3.26627	
5.62186	-3.19262	
5.62212	-3.11898	
5.62238	-3.04533	
5.62264	-2.97168	
5.6229	-2.83447	
5.62316	-2.80544	
5.62342	-2.87109	
5.62368	-3.04494	
5.62394	-3.27965	
5.6242	-3.51436	
5.62445	-3.49661	
5.62471	-3.29853	
5.62497	-3.06213	
5.62523	-2.82573	
5.62549	-2.58933	
5.62575	-2.35293	
5.62601	-2.1819	
5.62627	-2.1912	
5.62653	-2.30419	
5.62679	-2.41717	
5.62705	-2.56468	
5.6273	-2.53185	
5.62756	-2.30743	
5.62782	-1.9748	
5.62808	-1.7053	
5.62834	-1.54399	
5.6286	-1.47059	
5.62886	-1.50539	
5.62912	-1.5199	
5.62938	-1.53441	
5.62964	-1.55568	
5.62989	-1.57695	
5.63015	-1.51257	
5.63041	-1.44819	
5.63067	-1.3838	
5.63093	-1.31942	
5.63119	-1.28966	
5.63145	-1.2599	
5.63171	-1.16251	
5.63197	-1.17333	
5.63223	-1.21119	
5.63248	-1.14085	
5.63274	-1.13814	
5.633	-1.13543	
5.63326	-1.08989	
5.63352	-1.04435	
5.63378	-0.99881	
5.63404	-0.953269	
5.6343	-0.970844	
5.63456	-0.98842	
5.63482	-1.00599	
5.63508	-1.02357	
5.63533	-1.03199	
5.63559	-1.04041	
5.63585	-1.04882	
5.63611	-1.05724	
5.63637	-0.948444	
5.63663	-0.839648	
5.63689	-0.730852	
5.63715	-0.622056	
5.63741	-0.63949	
5.63767	-0.656924	
5.63792	-0.667596	
5.63818	-0.678268	
5.63844	-0.722752	
5.6387	-0.659038	
5.63896	-0.656185	
5.63922	-0.653332	
5.63948	-0.551192	
5.63974	-0.449054	
5.64	-0.346914	
5.64026	-0.244775	
5.64052	-0.313948	
5.64077	-0.383121	
5.64103	-0.445531	
5.64129	-0.507942	
5.64155	-0.508365	
5.64181	-0.40059	
5.64207	-0.353676	
5.64233	-0.306763	
5.64259	-0.334234	
5.64285	-0.361707	
5.64311	-0.389178	
5.64336	-0.416651	
5.64362	-0.488359	
5.64388	-0.560068	
5.64414	-0.692638	
5.6444	-0.71701	
5.64466	-0.648965	
5.64492	-0.580918	
5.64518	-0.50611	
5.64544	-0.431302	
5.6457	-0.448913	
5.64596	-0.466522	
5.64621	-0.484133	
5.64647	-0.501743	
5.64673	-0.492304	
5.64699	-0.482865	
5.64725	-0.473426	
5.64751	-0.463986	
5.64777	-0.493502	
5.64803	-0.523016	
5.64829	-0.552531	
5.64855	-0.582046	
5.6488	-0.584511	
5.64906	-0.586977	
5.64932	-0.589442	
5.64958	-0.591908	
5.64984	-0.561688	
5.6501	-0.531469	
5.65036	-0.50125	
5.65062	-0.471031	
5.65088	-0.539992	
5.65114	-0.608954	
5.65139	-0.677916	
5.65165	-0.746878	
5.65191	-0.711727	
5.65217	-0.676578	
5.65243	-0.641427	
5.65269	-0.606277	
5.65295	-0.48998	
5.65321	-0.373681	
5.65347	-0.264146	
5.65373	-0.154611	
5.65399	-0.180321	
5.65424	-0.314229	
5.6545	-0.387277	
5.65476	-0.460324	
5.65502	-0.477018	
5.65528	-0.493712	
5.65554	-0.510407	
5.6558	-0.527102	
5.65606	-0.378295	
5.65632	-0.229489	
5.65658	-0.0806828	
5.65683	0.0681238	
5.65709	0.0816841	
5.65735	0.0952435	
5.65761	0.108804	
5.65787	0.122363	
5.65813	0.139304	
5.65839	0.156245	
5.65865	0.173186	
5.65891	0.190127	
5.65917	0.389651	
5.65943	0.589175	
5.65968	0.849561	
5.65994	1.00175	
5.6602	1.09913	
5.66046	1.19652	
5.66072	1.21952	
5.66098	1.35071	
5.66124	1.58109	
5.6615	1.70327	
5.66176	1.55721	
5.66202	1.41115	
5.66227	1.5446	
5.66253	2.07477	
5.66279	2.72892	
5.66305	3.13061	
5.66331	3.18292	
5.66357	3.05489	
5.66383	2.89756	
5.66409	2.74023	
5.66435	2.55071	
5.66461	2.25299	
5.66486	2.05671	
5.66512	2.25715	
5.66538	2.85882	
5.66564	3.64082	
5.6659	4.32814	
5.66616	4.69088	
5.66642	4.58589	
5.66668	4.1563	
5.66694	3.58922	
5.6672	3.02213	
5.66746	2.73681	
5.66771	2.84822	
5.66797	3.43524	
5.66823	4.34685	
5.66849	5.28466	
5.66875	5.89789	
5.66901	6.07381	
5.66927	5.92515	
5.66953	5.53754	
5.66979	5.25814	
5.67005	5.38448	
5.6703	6.0518	
5.67056	7.28828	
5.67082	9.06575	
5.67108	10.974	
5.67134	12.2691	
5.6716	12.4912	
5.67186	11.8838	
5.67212	11.0781	
5.67238	10.5969	
5.67264	10.464	
5.6729	10.7277	
5.67315	11.4378	
5.67341	12.6168	
5.67367	14.2736	
5.67393	16.1107	
5.67419	17.5421	
5.67445	17.9276	
5.67471	17.3303	
5.67497	16.4084	
5.67523	15.6894	
5.67549	15.4392	
5.67574	15.6083	
5.676	16.1741	
5.67626	17.2088	
5.67652	18.6402	
5.67678	20.3046	
5.67704	21.7165	
5.6773	22.6371	
5.67756	23.1609	
5.67782	23.7388	
5.67808	24.6414	
5.67834	25.9541	
5.67859	27.5915	
5.67885	29.7304	
5.67911	32.5546	
5.67937	35.9017	
5.67963	39.357	
5.67989	42.4561	
5.68015	45.1586	
5.68041	48.0052	
5.68067	51.6093	
5.68093	56.3936	
5.68118	62.5844	
5.68144	70.2719	
5.6817	79.6545	
5.68196	91.413	
5.68222	106.381	
5.68248	125.682	
5.68274	151.222	
5.683	186.491	
5.68326	236.511	
5.68352	305.69	
5.68377	391.785	
5.68403	478.082	
5.68429	535.13	
5.68455	543.652	
5.68481	516.288	
5.68507	483.607	
5.68533	468.417	
5.68559	482.811	
5.68585	535.975	
5.68611	640.294	
5.68637	809.784	
5.68662	1045.27	
5.68688	1303.65	
5.68714	1483	
5.6874	1484.14	
5.68766	1323.47	
5.68792	1113.92	
5.68818	940.161	
5.68844	830.419	
5.6887	789.715	
5.68896	820.891	
5.68921	930.201	
5.68947	1117.67	
5.68973	1346.99	
5.68999	1520.73	
5.69025	1525.52	
5.69051	1353.19	
5.69077	1109.71	
5.69103	888.123	
5.69129	721.197	
5.69155	610.498	
5.69181	548.487	
5.69206	527.41	
5.69232	540.335	
5.69258	574.286	
5.69284	603.075	
5.6931	594.464	
5.69336	536.62	
5.69362	450.826	
5.69388	365.874	
5.69414	295.529	
5.6944	241.435	
5.69465	200.651	
5.69491	169.712	
5.69517	145.734	
5.69543	126.862	
5.69569	111.922	
5.69595	99.9705	
5.69621	90.2913	
5.69647	82.5235	
5.69673	76.2345	
5.69699	70.8313	
5.69725	65.897	
5.6975	61.1409	
5.69776	56.3849	
5.69802	51.9286	
5.69828	47.8691	
5.69854	44.2423	
5.6988	41.0123	
5.69906	38.2691	
5.69932	36.067	
5.69958	34.3167	
5.69984	32.819	
5.70009	31.2739	
5.70035	29.6206	
5.70061	27.8727	
5.70087	26.1247	
5.70113	24.645	
5.70139	23.4177	
5.70165	22.4863	
5.70191	21.8795	
5.70217	21.7506	
5.70243	22.0184	
5.70268	22.3628	
5.70294	22.1662	
5.7032	20.9418	
5.70346	19.0321	
5.70372	17.1495	
5.70398	15.6635	
5.70424	14.6239	
5.7045	13.9811	
5.70476	13.8386	
5.70502	14.2371	
5.70528	15.1315	
5.70553	16.1341	
5.70579	16.6519	
5.70605	16.1237	
5.70631	14.8448	
5.70657	13.4578	
5.70683	12.1362	
5.70709	10.8145	
5.70735	9.63037	
5.70761	8.69869	
5.70787	8.31249	
5.70812	8.46729	
5.70838	8.98499	
5.70864	9.5027	
5.7089	9.66651	
5.70916	9.28933	
5.70942	8.50867	
5.70968	7.40342	
5.70994	6.19997	
5.7102	5.17685	
5.71046	4.4107	
5.71072	3.82488	
5.71097	3.47123	
5.71123	3.29791	
5.71149	3.27111	
5.71175	3.2443	
5.71201	3.2051	
5.71227	2.91344	
5.71253	2.24084	
5.71279	1.31577	
5.71305	0.480872	
5.71331	-0.0294371	
5.71356	-0.25122	
5.71382	-0.220543	
5.71408	0.110741	
5.71434	0.694485	
5.7146	1.36388	
5.71486	1.92509	
5.71512	2.11211	
5.71538	1.83027	
5.71564	1.33655	
5.7159	1.02316	
5.71616	1.22258	
5.71641	1.89085	
5.71667	2.69212	
5.71693	3.49338	
5.71719	4.08727	
5.71745	4.50083	
5.71771	4.90086	
5.71797	5.3009	
5.71823	5.71263	
5.71849	6.01616	
5.71875	6.22276	
5.719	6.24903	
5.71926	6.09273	
5.71952	5.82822	
5.71978	5.55921	
5.72004	5.39839	
5.7203	5.42466	
5.72056	5.55914	
5.72082	5.82434	
5.72108	6.19775	
5.72134	6.57567	
5.72159	6.84539	
5.72185	7.08805	
5.72211	7.51105	
5.72237	8.09233	
5.72263	8.78181	
5.72289	9.43071	
5.72315	9.89928	
5.72341	10.2574	
5.72367	10.868	
5.72393	12.0196	
5.72419	13.7842	
5.72444	15.9355	
5.7247	17.9786	
5.72496	19.4604	
5.72522	20.2569	
5.72548	20.6004	
5.72574	20.9439	
5.726	21.8441	
5.72626	23.646	
5.72652	26.5063	
5.72678	30.3404	
5.72703	34.6208	
5.72729	38.4324	
5.72755	41.1169	
5.72781	42.4669	
5.72807	43.0416	
5.72833	43.9408	
5.72859	45.9998	
5.72885	49.5375	
5.72911	54.6576	
5.72937	61.5449	
5.72963	70.1678	
5.72988	80.4859	
5.73014	93.1482	
5.7304	109.597	
5.73066	132.84	
5.73092	167.875	
5.73118	222.612	
5.73144	309.916	
5.7317	448.154	
5.73196	652.5	
5.73222	906.689	
5.73247	1136.82	
5.73273	1253.16	
5.73299	1227.8	
5.73325	1085.34	
5.73351	904.555	
5.73377	779.203	
5.73403	749.75	
5.73429	826.262	
5.73455	994.057	
5.73481	1188.15	
5.73506	1303.15	
5.73532	1279.92	
5.73558	1122.85	
5.73584	885.12	
5.7361	657.235	
5.73636	484.693	
5.73662	364.41	
5.73688	283.109	
5.73714	228.388	
5.7374	190.208	
5.73766	161.873	
5.73791	139.603	
5.73817	121.479	
5.73843	106.534	
5.73869	94.2943	
5.73895	84.2549	
5.73921	75.9106	
5.73947	68.9007	
5.73973	63.1532	
5.73999	58.5462	
5.74025	54.7687	
5.7405	51.246	
5.74076	47.5429	
5.74102	43.664	
5.74128	39.7851	
5.74154	36.2826	
5.7418	33.3933	
5.74206	31.2636	
5.74232	29.8913	
5.74258	29.1456	
5.74284	28.5081	
5.7431	27.4818	
5.74335	25.7702	
5.74361	23.5221	
5.74387	21.0938	
5.74413	18.8412	
5.74439	16.8411	
5.74465	15.1385	
5.74491	13.7606	
5.74517	12.7743	
5.74543	12.1125	
5.74569	11.6852	
5.74594	11.2579	
5.7462	10.7382	
5.74646	10.2185	
5.74672	9.59061	
5.74698	8.9627	
5.74724	8.32225	
5.7475	7.6818	
5.74776	7.22168	
5.74802	6.76156	
5.74828	6.37583	
5.74854	5.99009	
5.74879	5.66297	
5.74905	5.44403	
5.74931	5.39134	
5.74957	5.51898	
5.74983	5.72552	
5.75009	5.93205	
5.75035	6.05067	
5.75061	6.0611	
5.75087	6.01968	
5.75113	5.87006	
5.75138	5.6941	
5.75164	5.62634	
5.7519	5.81103	
5.75216	6.24819	
5.75242	6.84764	
5.75268	7.3389	
5.75294	7.49429	
5.7532	7.03656	
5.75346	6.19113	
5.75372	5.3457	
5.75397	4.84965	
5.75423	4.8946	
5.75449	5.48278	
5.75475	6.17916	
5.75501	6.65914	
5.75527	6.59814	
5.75553	6.02419	
5.75579	5.05351	
5.75605	3.7605	
5.75631	2.46748	
5.75657	1.51484	
5.75682	1.03105	
5.75708	1.0905	
5.75734	1.54668	
5.7576	2.11162	
5.75786	2.42409	
5.75812	2.33534	
5.75838	1.92199	
5.75864	1.43426	
5.7589	1.05472	
5.75916	0.896087	
5.75941	0.917783	
5.75967	1.12122	
5.75993	1.43285	
5.76019	1.69489	
5.76045	1.95693	
5.76071	2.13782	
5.76097	2.31871	
5.76123	2.67993	
5.76149	3.04115	
5.76175	3.39618	
5.76201	3.7512	
5.76226	3.92589	
5.76252	4.10059	
5.76278	4.3136	
5.76304	4.52661	
5.7633	4.63143	
5.76356	4.73624	
5.76382	4.67464	
5.76408	4.61304	
5.76434	4.55144	
5.7646	4.48984	
5.76485	4.38992	
5.76511	4.29	
5.76537	4.35688	
5.76563	4.6041	
5.76589	5.1883	
5.76615	6.02496	
5.76641	6.79175	
5.76667	7.45033	
5.76693	8.06384	
5.76719	8.67734	
5.76745	9.43286	
5.7677	10.4408	
5.76796	11.9174	
5.76822	14.007	
5.76848	16.4438	
5.76874	18.556	
5.769	20.0236	
5.76926	20.7337	
5.76952	21.0517	
5.76978	21.5499	
5.77004	22.8304	
5.77029	25.0846	
5.77055	28.4523	
5.77081	32.7217	
5.77107	37.3382	
5.77133	41.2695	
5.77159	43.925	
5.77185	45.246	
5.77211	46.0254	
5.77237	47.1294	
5.77263	49.5138	
5.77288	53.6654	
5.77314	59.7284	
5.7734	67.7751	
5.77366	77.8099	
5.77392	89.7562	
5.77418	104.38	
5.77444	123.513	
5.7747	150.661	
5.77496	191.622	
5.77522	255.679	
5.77548	357.641	
5.77573	518.394	
5.77599	752.181	
5.77625	1033.83	
5.77651	1274.76	
5.77677	1381.93	
5.77703	1333.9	
5.77729	1164.64	
5.77755	968.803	
5.77781	843.541	
5.77807	825.646	
5.77832	922.717	
5.77858	1112.59	
5.77884	1316.04	
5.7791	1420.86	
5.77936	1374.21	
5.77962	1187.08	
5.77988	925.444	
5.78014	685.341	
5.7804	506.431	
5.78066	382.304	
5.78092	298.445	
5.78117	241.816	
5.78143	201.898	
5.78169	171.971	
5.78195	148.198	
5.78221	128.716	
5.78247	112.665	
5.78273	99.6079	
5.78299	88.9083	
5.78325	80.048	
5.78351	72.5673	
5.78376	66.4209	
5.78402	61.4648	
5.78428	57.4103	
5.78454	53.6422	
5.7848	49.6938	
5.78506	45.4771	
5.78532	41.2604	
5.78558	37.578	
5.78584	34.5808	
5.7861	32.3297	
5.78636	30.836	
5.78661	29.9712	
5.78687	29.2146	
5.78713	27.9937	
5.78739	26.0875	
5.78765	23.6448	
5.78791	21.0939	
5.78817	18.7188	
5.78843	16.6684	
5.78869	14.9156	
5.78895	13.4152	
5.7892	12.2958	
5.78946	11.501	
5.78972	10.9992	
5.78998	10.4974	
5.79024	9.83557	
5.7905	9.17374	
5.79076	8.38681	
5.79102	7.59988	
5.79128	6.99328	
5.79154	6.38667	
5.79179	5.83192	
5.79205	5.27716	
5.79231	4.7224	
5.79257	4.16764	
5.79283	3.67769	
5.79309	3.18774	
5.79335	2.87812	
5.79361	2.56849	
5.79387	2.37834	
5.79413	2.18818	
5.79439	2.12426	
5.79464	2.16853	
5.7949	2.2917	
5.79516	2.52306	
5.79542	2.74541	
5.79568	2.85956	
5.79594	2.77084	
5.7962	2.42966	
5.79646	2.05466	
5.79672	1.67967	
5.79698	1.49522	
5.79723	1.4911	
5.79749	1.72141	
5.79775	2.05991	
5.79801	2.40518	
5.79827	2.75044	
5.79853	2.91313	
5.79879	2.82335	
5.79905	2.4597	
5.79931	1.98785	
5.79957	1.38076	
5.79983	0.773661	
5.80008	0.1305	
5.80034	-0.512662	
5.8006	-0.828977	
5.80086	-0.892831	
5.80112	-0.735501	
5.80138	-0.578172	
5.80164	-0.47494	
5.8019	-0.696301	
5.80216	-1.24676	
5.80242	-1.79722	
5.80267	-2.24625	
5.80293	-2.44281	
5.80319	-2.34409	
5.80345	-2.06504	
5.80371	-1.70709	
5.80397	-1.34915	
5.80423	-1.17379	
5.80449	-1.25088	
5.80475	-1.3663	
5.80501	-1.48172	
5.80526	-1.43382	
5.80552	-1.38592	
5.80578	-1.33802	
5.80604	-1.29012	
5.8063	-1.3707	
5.80656	-1.45129	
5.80682	-1.53187	
5.80708	-1.61246	
5.80734	-1.58372	
5.8076	-1.55498	
5.80786	-1.52624	
5.80811	-1.4975	
5.80837	-1.61527	
5.80863	-1.73305	
5.80889	-1.85083	
5.80915	-1.96861	
5.80941	-2.02017	
5.80967	-2.07173	
5.80993	-2.0151	
5.81019	-1.95846	
5.81045	-1.98974	
5.8107	-2.02101	
5.81096	-2.05229	
5.81122	-2.08356	
5.81148	-2.12386	
5.81174	-2.16415	
5.812	-2.20444	
5.81226	-2.24473	
5.81252	-2.28503	
5.81278	-2.32532	
5.81304	-2.36561	
5.8133	-2.4059	
5.81355	-2.40168	
5.81381	-2.39745	
5.81407	-2.39322	
5.81433	-2.389	
5.81459	-2.38477	
5.81485	-2.38054	
5.81511	-2.37632	
5.81537	-2.37209	
5.81563	-2.35152	
5.81589	-2.33095	
5.81614	-2.31038	
5.8164	-2.28982	
5.81666	-2.26925	
5.81692	-2.24868	
5.81718	-2.22811	
5.81744	-2.20754	
5.8177	-2.21656	
5.81796	-2.22557	
5.81822	-2.23459	
5.81848	-2.24361	
5.81874	-2.27291	
5.81899	-2.30221	
5.81925	-2.43971	
5.81951	-2.57721	
5.81977	-2.65104	
5.82003	-2.72486	
5.82029	-2.79868	
5.82055	-2.8725	
5.82081	-2.86067	
5.82107	-2.84883	
5.82133	-2.7288	
5.82158	-2.60877	
5.82184	-2.54407	
5.8221	-2.47937	
5.82236	-2.41467	
5.82262	-2.34997	
5.82288	-2.32359	
5.82314	-2.29721	
5.8234	-2.27083	
5.82366	-2.24445	
5.82392	-2.12115	
5.82417	-1.99784	
5.82443	-1.81367	
5.82469	-1.7377	
5.82495	-1.79021	
5.82521	-1.84273	
5.82547	-1.902	
5.82573	-1.96128	
5.82599	-1.88672	
5.82625	-1.81216	
5.82651	-1.73759	
5.82677	-1.66303	
5.82702	-1.48704	
5.82728	-1.31104	
5.82754	-1.31988	
5.8278	-1.43692	
5.82806	-1.44407	
5.82832	-1.34302	
5.82858	-1.14054	
5.82884	-0.938054	
5.8291	-0.762621	
5.82936	-0.767517	
5.82961	-0.743109	
5.82987	-0.610504	
5.83013	-0.50442	
5.83039	-0.578665	
5.83065	-0.925656	
5.83091	-1.27265	
5.83117	-1.48214	
5.83143	-1.43917	
5.83169	-1.22489	
5.83195	-1.01061	
5.83221	-0.943408	
5.83246	-1.05654	
5.83272	-1.24856	
5.83298	-1.44058	
5.83324	-1.68219	
5.8335	-1.9238	
5.83376	-2.05046	
5.83402	-2.17711	
5.83428	-2.21318	
5.83454	-2.14104	
5.8348	-2.07568	
5.83505	-2.1185	
5.83531	-2.21543	
5.83557	-2.42055	
5.83583	-2.57158	
5.83609	-2.7226	
5.83635	-2.77163	
5.83661	-2.82066	
5.83687	-2.86969	
5.83713	-2.91871	
5.83739	-2.94745	
5.83765	-2.97619	
5.8379	-2.99817	
5.83816	-3.02015	
5.83842	-2.99662	
5.83868	-2.86489	
5.83894	-2.54157	
5.8392	-2.11005	
5.83946	-1.75291	
5.83972	-1.57611	
5.83998	-1.57963	
5.84024	-1.76348	
5.84049	-1.90732	
5.84075	-1.94296	
5.84101	-1.82758	
5.84127	-1.53187	
5.84153	-1.08513	
5.84179	-0.638398	
5.84205	-0.362974	
5.84231	-0.340011	
5.84257	-0.586554	
5.84283	-0.833097	
5.84308	-1.04808	
5.84334	-1.15487	
5.8436	-1.25039	
5.84386	-1.34591	
5.84412	-1.43466	
5.84438	-1.52342	
5.84464	-1.58231	
5.8449	-1.6412	
5.84516	-1.70008	
5.84542	-1.75897	
5.84568	-1.757	
5.84593	-1.75503	
5.84619	-1.80039	
5.84645	-1.95395	
5.84671	-2.08969	
5.84697	-2.2254	
5.84723	-2.2597	
5.84749	-2.29397	
5.84775	-2.27869	
5.84801	-2.26336	
5.84827	-2.24808	
5.84852	-2.23276	
5.84878	-2.23889	
5.84904	-2.24498	
5.8493	-2.25111	
5.84956	-2.2572	
5.84982	-2.20247	
5.85008	-2.1477	
5.85034	-2.20117	
5.8506	-2.25459	
5.85086	-2.35427	
5.85112	-2.45391	
5.85137	-2.55358	
5.85163	-2.65322	
5.85189	-2.73937	
5.85215	-2.82548	
5.85241	-2.80344	
5.85267	-2.78135	
5.85293	-2.76888	
5.85319	-2.75638	
5.85345	-2.74391	
5.85371	-2.73141	
5.85396	-2.81812	
5.85422	-2.9048	
5.85448	-2.88332	
5.85474	-2.8618	
5.855	-2.83408	
5.85526	-2.80636	
5.85552	-2.77864	
5.85578	-2.75092	
5.85604	-2.77956	
5.8563	-2.80819	
5.85655	-2.83682	
5.85681	-2.86546	
5.85707	-2.84901	
5.85733	-2.83256	
5.85759	-2.81612	
5.85785	-2.79967	
5.85811	-2.80351	
5.85837	-2.80735	
5.85863	-2.81118	
5.85889	-2.81502	
5.85915	-2.86873	
5.8594	-2.92245	
5.85966	-2.86796	
5.85992	-2.81347	
5.86018	-2.77477	
5.86044	-2.73606	
5.8607	-2.69735	
5.86096	-2.65864	
5.86122	-2.69996	
5.86148	-2.74127	
5.86174	-2.78259	
5.86199	-2.8239	
5.86225	-2.78406	
5.86251	-2.74423	
5.86277	-2.7044	
5.86303	-2.66456	
5.86329	-2.70838	
5.86355	-2.75215	
5.86381	-2.79597	
5.86407	-2.83975	
5.86433	-2.83848	
5.86459	-2.83718	
5.86484	-2.83591	
5.8651	-2.83461	
5.86536	-2.81023	
5.86562	-2.78583	
5.86588	-2.76145	
5.86614	-2.73705	
5.8664	-2.71267	
5.86666	-2.68826	
5.86692	-2.66389	
5.86718	-2.63948	
5.86743	-2.60257	
5.86769	-2.56563	
5.86795	-2.52872	
5.86821	-2.49177	
5.86847	-2.46838	
5.86873	-2.44496	
5.86899	-2.52977	
5.86925	-2.61455	
5.86951	-2.68302	
5.86977	-2.75145	
5.87003	-2.71172	
5.87028	-2.67196	
5.87054	-2.65477	
5.8708	-2.63755	
5.87106	-2.62036	
5.87132	-2.60314	
5.87158	-2.64935	
5.87184	-2.69556	
5.8721	-2.74177	
5.87236	-2.78797	
5.87262	-2.74627	
5.87287	-2.70457	
5.87313	-2.77107	
5.87339	-2.83756	
5.87365	-2.79586	
5.87391	-2.75416	
5.87417	-2.71246	
5.87443	-2.67076	
5.87469	-2.69894	
5.87495	-2.72711	
5.87521	-2.75529	
5.87546	-2.78347	
5.87572	-2.70781	
5.87598	-2.63216	
5.87624	-2.55651	
5.8765	-2.48085	
5.87676	-2.50438	
5.87702	-2.52791	
5.87728	-2.55143	
5.87754	-2.57496	
5.8778	-2.49931	
5.87806	-2.42365	
5.87831	-2.348	
5.87857	-2.27235	
5.87883	-2.10427	
5.87909	-1.9362	
5.87935	-1.65655	
5.87961	-1.3769	
5.87987	-1.08524	
5.88013	-0.739481	
5.88039	-0.370054	
5.88065	-0.108824	
5.8809	-0.0177784	
5.88116	-0.0349312	
5.88142	-0.047575	
5.88168	0.0479774	
5.88194	0.205519	
5.8822	0.543389	
5.88246	1.08187	
5.88272	1.80069	
5.88298	2.69532	
5.88324	3.58996	
5.8835	4.17578	
5.88375	4.22062	
5.88401	3.77603	
5.88427	3.15111	
5.88453	2.61636	
5.88479	2.26194	
5.88505	2.08784	
5.88531	2.16621	
5.88557	2.50154	
5.88583	3.08933	
5.88609	3.7132	
5.88634	4.15673	
5.8866	4.14493	
5.88686	3.66427	
5.88712	2.90411	
5.88738	2.03575	
5.88764	1.24403	
5.8879	0.704769	
5.88816	0.427725	
5.88842	0.258878	
5.88868	0.188085	
5.88894	0.171391	
5.88919	0.162585	
5.88945	0.0455828	
5.88971	-0.198777	
5.88997	-0.551333	
5.89023	-0.869515	
5.89049	-1.1877	
5.89075	-1.40444	
5.89101	-1.62119	
5.89127	-1.7613	
5.89153	-1.9014	
5.89178	-2.04151	
5.89204	-2.18162	
5.8923	-2.24114	
5.89256	-2.30066	
5.89282	-2.36019	
5.89308	-2.41971	
5.89334	-2.47923	
5.8936	-2.53875	
5.89386	-2.59828	
5.89412	-2.6578	
5.89437	-2.65364	
5.89463	-2.64949	
5.89489	-2.64533	
5.89515	-2.64118	
5.89541	-2.70013	
5.89567	-2.75909	
5.89593	-2.81805	
5.89619	-2.87701	
5.89645	-2.85475	
5.89671	-2.83249	
5.89697	-2.81023	
5.89722	-2.78797	
5.89748	-2.8108	
5.89774	-2.83362	
5.898	-2.85644	
5.89826	-2.87926	
5.89852	-2.85588	
5.89878	-2.83249	
5.89904	-2.80911	
5.8993	-2.78572	
5.89956	-2.80742	
5.89981	-2.82911	
5.90007	-2.85081	
5.90033	-2.8725	
5.90059	-2.89913	
5.90085	-2.92576	
5.90111	-2.95238	
5.90137	-2.97901	
5.90163	-2.96055	
5.90189	-2.9421	
5.90215	-2.92364	
5.90241	-2.90519	
5.90266	-2.9228	
5.90292	-2.94041	
5.90318	-2.95802	
5.90344	-2.97563	
5.9037	-2.99324	
5.90396	-3.01085	
5.90422	-3.02846	
5.90448	-3.04607	
5.90474	-3.02923	
5.905	-3.0124	
5.90525	-2.99556	
5.90551	-2.97873	
5.90577	-2.96189	
5.90603	-2.94506	
5.90629	-2.92822	
5.90655	-2.91139	
5.90681	-2.92047	
5.90707	-2.92956	
5.90733	-2.93865	
5.90759	-2.94773	
5.90785	-2.93653	
5.9081	-2.92533	
5.90836	-2.85327	
5.90862	-2.88941	
5.90888	-2.93104	
5.90914	-2.97267	
5.9094	-3.02106	
5.90966	-3.06946	
5.90992	-3.01867	
5.91018	-2.96788	
5.91044	-2.91709	
5.91069	-2.8663	
5.91095	-2.87525	
5.91121	-2.8842	
5.91147	-2.89314	
5.91173	-2.90209	
5.91199	-2.92681	
5.91225	-2.95154	
5.91251	-2.87483	
5.91277	-2.79812	
5.91303	-2.78847	
5.91328	-2.88701	
5.91354	-2.9247	
5.9138	-2.96239	
5.91406	-2.95499	
5.91432	-2.94759	
5.91458	-2.9402	
5.91484	-2.9328	
5.9151	-2.93104	
5.91536	-2.92928	
5.91562	-2.92752	
5.91588	-2.92576	
5.91613	-2.924	
5.91639	-2.92223	
5.91665	-2.92047	
5.91691	-2.91871	
5.91717	-2.89962	
5.91743	-2.88053	
5.91769	-2.86144	
5.91795	-2.84235	
5.91821	-2.82327	
5.91847	-2.80418	
5.91872	-2.78509	
5.91898	-2.766	
5.91924	-2.72944	
5.9195	-2.69288	
5.91976	-2.65632	
5.92002	-2.61976	
5.92028	-2.57193	
5.92054	-2.5241	
5.9208	-2.47289	
5.92106	-2.42168	
5.92132	-2.33398	
5.92157	-2.19218	
5.92183	-1.94106	
5.92209	-1.58174	
5.92235	-1.00152	
5.92261	-0.0967083	
5.92287	1.17214	
5.92313	2.4951	
5.92339	3.38751	
5.92365	3.59468	
5.92391	3.17182	
5.92416	2.35224	
5.92442	1.69496	
5.92468	1.36226	
5.92494	1.48039	
5.9252	2.13951	
5.92546	3.08138	
5.92572	3.84291	
5.92598	4.00035	
5.92624	3.47253	
5.9265	2.33611	
5.92675	1.09149	
5.92701	0.0587549	
5.92727	-0.721519	
5.92753	-1.26567	
5.92779	-1.6295	
5.92805	-1.95614	
5.92831	-2.17457	
5.92857	-2.27467	
5.92883	-2.32067	
5.92909	-2.39034	
5.92935	-2.46	
5.9296	-2.47176	
5.92986	-2.48353	
5.93012	-2.49529	
5.93038	-2.50706	
5.93064	-2.54587	
5.9309	-2.58468	
5.93116	-2.62349	
5.93142	-2.66231	
5.93168	-2.66787	
5.93194	-2.67344	
5.93219	-2.71507	
5.93245	-2.7026	
5.93271	-2.71154	
5.93297	-2.81066	
5.93323	-2.8861	
5.93349	-2.90744	
5.93375	-2.90906	
5.93401	-2.91068	
5.93427	-2.9123	
5.93453	-2.91392	
5.93479	-2.893	
5.93504	-2.92618	
5.9353	-2.96274	
5.93556	-2.9452	
5.93582	-2.87469	
5.93608	-2.85827	
5.93634	-2.93428	
5.9366	-3.10045	
5.93686	-3.24971	
5.93712	-3.34488	
5.93738	-3.29578	
5.93763	-3.24669	
5.93789	-3.20298	
5.93815	-3.15927	
5.93841	-3.11556	
5.93867	-3.07185	
5.93893	-3.15212	
5.93919	-3.23239	
5.93945	-3.31265	
5.93971	-3.39292	
5.93997	-3.38077	
5.94023	-3.36862	
5.94048	-3.35647	
5.94074	-3.34432	
5.941	-3.33216	
5.94126	-3.32001	
5.94152	-3.30786	
5.94178	-3.29571	
5.94204	-3.30547	
5.9423	-3.31522	
5.94256	-3.32498	
5.94282	-3.33474	
5.94307	-3.28138	
5.94333	-3.22802	
5.94359	-3.17466	
5.94385	-3.1213	
5.94411	-3.10344	
5.94437	-3.08559	
5.94463	-3.06773	
5.94489	-3.04987	
5.94515	-3.03202	
5.94541	-3.01416	
5.94566	-2.9963	
5.94592	-2.97845	
5.94618	-2.98218	
5.94644	-2.98591	
5.9467	-2.98965	
5.94696	-2.99338	
5.94722	-2.99711	
5.94748	-3.00085	
5.94774	-3.00458	
5.948	-3.00831	
5.94826	-3.00867	
5.94851	-3.00902	
5.94877	-3.00937	
5.94903	-3.00972	
5.94929	-3.01007	
5.94955	-3.01043	
5.94981	-3.01078	
5.95007	-3.01113	
5.95033	-3.01677	
5.95059	-3.0224	
5.95085	-3.02804	
5.9511	-3.03367	
5.95136	-3.03931	
5.95162	-3.04494	
5.95188	-3.05058	
5.95214	-3.05621	
5.9524	-3.03987	
5.95266	-3.02353	
5.95292	-3.00719	
5.95318	-2.99084	
5.95344	-2.9745	
5.9537	-2.95816	
5.95395	-2.94182	
5.95421	-2.92547	
5.95447	-2.89948	
5.95473	-2.87349	
5.95499	-2.8475	
5.95525	-2.8215	
5.95551	-2.82256	
5.95577	-2.82362	
5.95603	-2.82467	
5.95629	-2.82573	
5.95654	-2.87187	
5.9568	-2.91801	
5.95706	-2.96415	
5.95732	-3.01029	
5.95758	-3.01134	
5.95784	-3.0124	
5.9581	-3.01346	
5.95836	-3.01451	
5.95862	-2.95907	
5.95888	-2.90364	
5.95914	-2.8482	
5.95939	-2.79276	
5.95965	-2.73733	
5.95991	-2.68189	
5.96017	-2.62645	
5.96043	-2.57102	
5.96069	-2.55277	
5.96095	-2.53453	
5.96121	-2.51628	
5.96147	-2.49804	
5.96173	-2.54066	
5.96198	-2.58327	
5.96224	-2.51769	
5.9625	-2.45211	
5.96276	-2.47134	
5.96302	-2.49057	
5.96328	-2.5098	
5.96354	-2.52903	
5.9638	-2.50769	
5.96406	-2.48635	
5.96432	-2.465	
5.96457	-2.44366	
5.96483	-2.33722	
5.96509	-2.23079	
5.96535	-2.00939	
5.96561	-1.78799	
5.96587	-1.42234	
5.96613	-0.94848	
5.96639	-0.197368	
5.96665	0.914401	
5.96691	2.32794	
5.96717	3.74148	
5.96742	4.69067	
5.96768	4.84641	
5.96794	4.38904	
5.9682	3.42675	
5.96846	2.55462	
5.96872	2.18741	
5.96898	2.40063	
5.96924	3.11878	
5.9695	4.12545	
5.96976	4.91573	
5.97001	5.0478	
5.97027	4.38643	
5.97053	3.18408	
5.97079	1.76533	
5.97105	0.580265	
5.97131	-0.244141	
5.97157	-0.852152	
5.97183	-1.24377	
5.97209	-1.59706	
5.97235	-1.73397	
5.97261	-1.87087	
5.97286	-2.00777	
5.97312	-2.06465	
5.97338	-2.12153	
5.97364	-2.17841	
5.9739	-2.23529	
5.97416	-2.28541	
5.97442	-2.33553	
5.97468	-2.38565	
5.97494	-2.43577	
5.9752	-2.46898	
5.97545	-2.5022	
5.97571	-2.53541	
5.97597	-2.56862	
5.97623	-2.53421	
5.97649	-2.4998	
5.97675	-2.57359	
5.97701	-2.64737	
5.97727	-2.6789	
5.97753	-2.71042	
5.97779	-2.63374	
5.97805	-2.55707	
5.9783	-2.49166	
5.97856	-2.42626	
5.97882	-2.54118	
5.97908	-2.65611	
5.97934	-2.67999	
5.9796	-2.70387	
5.97986	-2.72775	
5.98012	-2.75163	
5.98038	-2.78678	
5.98064	-2.82193	
5.98089	-2.85708	
5.98115	-2.89223	
5.98141	-2.96288	
5.98167	-3.03353	
5.98193	-3.10418	
5.98219	-3.17484	
5.98245	-3.24774	
5.98271	-3.32065	
5.98297	-3.21323	
5.98323	-3.1058	
5.98348	-3.10038	
5.98374	-3.09496	
5.984	-3.08953	
5.98426	-3.08411	
5.98452	-3.14856	
5.98478	-3.21301	
5.98504	-3.27747	
5.9853	-3.34192	
5.98556	-3.26493	
5.98582	-3.18794	
5.98608	-3.11095	
5.98633	-3.03395	
5.98659	-3.03811	
5.98685	-3.04227	
5.98711	-3.04642	
5.98737	-3.05058	
5.98763	-3.04466	
5.98789	-3.03871	
5.98815	-3.03276	
5.98841	-3.0268	
5.98867	-3.02089	
5.98892	-3.01493	
5.98918	-3.00898	
5.98944	-3.00303	
5.9897	-3.01007	
5.98996	-3.01708	
5.99022	-3.02409	
5.99048	-3.0311	
5.99074	-3.04491	
5.991	-3.05868	
5.99126	-3.07245	
5.99152	-3.08622	
5.99177	-3.02698	
5.99203	-2.9677	
5.99229	-3.01663	
5.99255	-3.06555	
5.99281	-3.05364	
5.99307	-3.0417	
5.99333	-3.02976	
5.99359	-3.01782	
5.99385	-3.01099	
5.99411	-3.00412	
5.99436	-2.99725	
5.99462	-2.99039	
5.99488	-2.98355	
5.99514	-2.97668	
5.9954	-2.96982	
5.99566	-2.96295	
5.99592	-2.98285	
5.99618	-3.00275	
5.99644	-3.02265	
5.9967	-3.04255	
5.99695	-2.97904	
5.99721	-2.91554	
5.99747	-2.9422	
5.99773	-2.96887	
5.99799	-3.02089	
5.99825	-3.07291	
5.99851	-3.03476	
5.99877	-2.99662	
5.99903	-2.96975	
5.99929	-2.94287	
5.99955	-2.916	
5.9998	-2.88913	
6.00006	-2.90917	
6.00032	-2.92921	
6.00058	-2.94925	
6.00084	-2.96929	
6.0011	-2.94425	
6.00136	-2.91921	
6.00162	-2.89416	
6.00188	-2.86912	
6.00214	-2.89198	
6.00239	-2.91484	
6.00265	-2.9377	
6.00291	-2.96055	
6.00317	-2.93833	
6.00343	-2.91611	
6.00369	-2.89388	
6.00395	-2.87166	
6.00421	-2.88656	
6.00447	-2.90145	
6.00473	-2.91635	
6.00499	-2.93122	
6.00524	-2.94611	
6.0055	-2.96101	
6.00576	-2.97591	
6.00602	-2.99077	
6.00628	-2.96341	
6.00654	-2.93604	
6.0068	-2.90867	
6.00706	-2.88127	
6.00732	-2.89899	
6.00758	-2.9167	
6.00783	-2.93442	
6.00809	-2.9521	
6.00835	-2.93875	
6.00861	-2.9254	
6.00887	-2.91206	
6.00913	-2.89867	
6.00939	-2.93041	
6.00965	-2.96214	
6.00991	-2.99387	
6.01017	-3.02557	
6.01043	-2.98574	
6.01068	-2.9459	
6.01094	-2.90607	
6.0112	-2.8662	
6.01146	-2.87145	
6.01172	-2.87669	
6.01198	-2.88194	
6.01224	-2.88715	
6.0125	-2.89776	
6.01276	-2.90836	
6.01302	-2.91896	
6.01327	-2.92956	
6.01353	-2.94016	
6.01379	-2.95076	
6.01405	-2.96136	
6.01431	-2.97197	
6.01457	-2.94819	
6.01483	-2.92442	
6.01509	-2.90064	
6.01535	-2.87687	
6.01561	-2.85648	
6.01586	-2.83609	
6.01612	-2.81569	
6.01638	-2.7953	
6.01664	-2.77942	
6.0169	-2.76353	
6.01716	-2.80175	
6.01742	-2.83996	
6.01768	-2.92438	
6.01794	-3.00881	
6.0182	-2.967	
6.01846	-2.92519	
6.01871	-2.85521	
6.01897	-2.78523	
6.01923	-2.80541	
6.01949	-2.82559	
6.01975	-2.8469	
6.02001	-2.86821	
6.02027	-2.88951	
6.02053	-2.91082	
6.02079	-2.94893	
6.02105	-2.98704	
6.0213	-2.97105	
6.02156	-2.95506	
6.02182	-2.90639	
6.02208	-2.85771	
6.02234	-2.86313	
6.0226	-2.86856	
6.02286	-2.8954	
6.02312	-2.92223	
6.02338	-2.85891	
6.02364	-2.79558	
6.0239	-2.78635	
6.02415	-2.77713	
6.02441	-2.7679	
6.02467	-2.75867	
6.02493	-2.80115	
6.02519	-2.84362	
6.02545	-2.8861	
6.02571	-2.92857	
6.02597	-2.97105	
6.02623	-3.01353	
6.02649	-3.056	
6.02674	-3.09848	
6.027	-3.1387	
6.02726	-3.17892	
6.02752	-3.21914	
6.02778	-3.25936	
6.02804	-3.22069	
6.0283	-3.18202	
6.02856	-3.26958	
6.02882	-3.35714	
6.02908	-3.37869	
6.02934	-3.40025	
6.02959	-3.29557	
6.02985	-3.1909	
6.03011	-3.13468	
6.03037	-3.07847	
6.03063	-3.07636	
6.03089	-3.07425	
6.03115	-3.03945	
6.03141	-3.00465	
6.03167	-2.96985	
6.03193	-2.93505	
6.03218	-2.94872	
6.03244	-2.96239	
6.0327	-2.97605	
6.03296	-2.98972	
6.03322	-2.96746	
6.03348	-2.9452	
6.03374	-2.92294	
6.034	-2.90068	
6.03426	-2.9235	
6.03452	-2.94633	
6.03477	-2.96915	
6.03503	-2.99197	
6.03529	-2.99563	
6.03555	-2.9993	
6.03581	-3.00296	
6.03607	-3.00662	
6.03633	-2.9652	
6.03659	-2.92378	
6.03685	-2.88236	
6.03711	-2.84095	
6.03737	-2.82478	
6.03762	-2.80861	
6.03788	-2.79245	
6.03814	-2.77628	
6.0384	-2.78716	
6.03866	-2.79805	
6.03892	-2.80893	
6.03918	-2.81981	
6.03944	-2.8307	
6.0397	-2.84158	
6.03996	-2.85246	
6.04021	-2.86335	
6.04047	-2.82013	
6.04073	-2.77691	
6.04099	-2.82386	
6.04125	-2.87081	
6.04151	-2.89762	
6.04177	-2.92442	
6.04203	-2.89712	
6.04229	-2.86983	
6.04255	-2.8786	
6.04281	-2.88737	
6.04306	-2.89614	
6.04332	-2.90491	
6.04358	-2.91818	
6.04384	-2.93146	
6.0441	-2.94474	
6.04436	-2.95802	
6.04462	-2.94425	
6.04488	-2.93048	
6.04514	-2.9167	
6.0454	-2.90293	
6.04565	-2.8694	
6.04591	-2.83587	
6.04617	-2.80234	
6.04643	-2.76881	
6.04669	-2.786	
6.04695	-2.80319	
6.04721	-2.82038	
6.04747	-2.83756	
6.04773	-2.786	
6.04799	-2.73444	
6.04824	-2.77304	
6.0485	-2.81164	
6.04876	-2.85701	
6.04902	-2.90237	
6.04928	-2.89363	
6.04954	-2.8849	
6.0498	-2.8389	
6.05006	-2.7929	
6.05032	-2.74691	
6.05058	-2.70091	
6.05084	-2.71464	
6.05109	-2.72838	
6.05135	-2.74212	
6.05161	-2.75585	
6.05187	-2.77691	
6.05213	-2.79798	
6.05239	-2.81904	
6.05265	-2.8401	
6.05291	-2.83411	
6.05317	-2.82812	
6.05343	-2.82214	
6.05368	-2.81615	
6.05394	-2.82217	
6.0542	-2.8282	
6.05446	-2.83422	
6.05472	-2.84024	
6.05498	-2.84626	
6.05524	-2.85229	
6.0555	-2.85831	
6.05576	-2.86433	
6.05602	-2.86472	
6.05628	-2.86511	
6.05653	-2.86549	
6.05679	-2.86588	
6.05705	-2.86627	
6.05731	-2.86666	
6.05757	-2.86704	
6.05783	-2.86743	
6.05809	-2.88818	
6.05835	-2.90892	
6.05861	-2.92967	
6.05887	-2.95041	
6.05912	-2.90804	
6.05938	-2.86567	
6.05964	-2.8233	
6.0599	-2.78093	
6.06016	-2.78871	
6.06042	-2.7965	
6.06068	-2.80428	
6.06094	-2.81206	
6.0612	-2.81985	
6.06146	-2.82763	
6.06172	-2.83542	
6.06197	-2.8432	
6.06223	-2.83735	
6.06249	-2.83151	
6.06275	-2.82566	
6.06301	-2.81981	
6.06327	-2.81397	
6.06353	-2.80812	
6.06379	-2.80227	
6.06405	-2.79643	
6.06431	-2.7872	
6.06456	-2.77797	
6.06482	-2.76874	
6.06508	-2.75952	
6.06534	-2.81115	
6.0656	-2.86278	
6.06586	-2.80622	
6.06612	-2.74965	
6.06638	-2.75902	
6.06664	-2.76839	
6.0669	-2.77776	
6.06715	-2.78713	
6.06741	-2.7965	
6.06767	-2.80587	
6.06793	-2.81523	
6.06819	-2.8246	
6.06845	-2.77818	
6.06871	-2.73176	
6.06897	-2.79354	
6.06923	-2.85532	
6.06949	-2.85961	
6.06975	-2.86391	
6.07	-2.81411	
6.07026	-2.76431	
6.07052	-2.74603	
6.07078	-2.72775	
6.07104	-2.70947	
6.0713	-2.69119	
6.07156	-2.59176	
6.07182	-2.49233	
6.07208	-2.447	
6.07234	-2.40168	
6.07259	-2.33268	
6.07285	-2.26368	
6.07311	-2.30288	
6.07337	-2.34208	
6.07363	-2.45567	
6.07389	-2.56925	
6.07415	-2.50251	
6.07441	-2.43577	
6.07467	-2.40227	
6.07493	-2.36878	
6.07519	-2.38938	
6.07544	-2.40999	
6.0757	-2.44299	
6.07596	-2.47599	
6.07622	-2.50899	
6.07648	-2.54199	
6.07674	-2.58288	
6.077	-2.62378	
6.07726	-2.66467	
6.07752	-2.70556	
6.07778	-2.7735	
6.07803	-2.84144	
6.07829	-2.90938	
6.07855	-2.97732	
6.07881	-2.95805	
6.07907	-2.93879	
6.07933	-2.91952	
6.07959	-2.90026	
6.07985	-2.88099	
6.08011	-2.86173	
6.08037	-2.84246	
6.08063	-2.82319	
6.08088	-2.81576	
6.08114	-2.80833	
6.0814	-2.8009	
6.08166	-2.79347	
6.08192	-2.78604	
6.08218	-2.77861	
6.08244	-2.77117	
6.0827	-2.76374	
6.08296	-2.76561	
6.08322	-2.76748	
6.08347	-2.76934	
6.08373	-2.77121	
6.08399	-2.77308	
6.08425	-2.77494	
6.08451	-2.77681	
6.08477	-2.77868	
6.08503	-2.76871	
6.08529	-2.75874	
6.08555	-2.74877	
6.08581	-2.73881	
6.08606	-2.70179	
6.08632	-2.66477	
6.08658	-2.62776	
6.08684	-2.59074	
6.0871	-2.57443	
6.08736	-2.55813	
6.08762	-2.54182	
6.08788	-2.52551	
6.08814	-2.5633	
6.0884	-2.60109	
6.08866	-2.63889	
6.08891	-2.67668	
6.08917	-2.69475	
6.08943	-2.71281	
6.08969	-2.73088	
6.08995	-2.74895	
6.09021	-2.76364	
6.09047	-2.77832	
6.09073	-2.79301	
6.09099	-2.8077	
6.09125	-2.81802	
6.0915	-2.82834	
6.09176	-2.78456	
6.09202	-2.74078	
6.09228	-2.66319	
6.09254	-2.5856	
6.0928	-2.6162	
6.09306	-2.64681	
6.09332	-2.67854	
6.09358	-2.71028	
6.09384	-2.68791	
6.0941	-2.66555	
6.09435	-2.74124	
6.09461	-2.81693	
6.09487	-2.78442	
6.09513	-2.75191	
6.09539	-2.748	
6.09565	-2.74409	
6.09591	-2.74018	
6.09617	-2.73627	
6.09643	-2.7256	
6.09669	-2.71493	
6.09694	-2.70426	
6.0972	-2.69358	
6.09746	-2.66995	
6.09772	-2.64632	
6.09798	-2.62268	
6.09824	-2.59905	
6.0985	-2.62952	
6.09876	-2.65998	
6.09902	-2.69045	
6.09928	-2.72091	
6.09954	-2.72447	
6.09979	-2.72803	
6.10005	-2.73159	
6.10031	-2.73514	
6.10057	-2.71165	
6.10083	-2.68816	
6.10109	-2.66467	
6.10135	-2.64118	
6.10161	-2.67347	
6.10187	-2.70577	
6.10213	-2.73807	
6.10238	-2.77036	
6.10264	-2.74856	
6.1029	-2.72676	
6.10316	-2.70496	
6.10342	-2.68316	
6.10368	-2.6559	
6.10394	-2.62864	
6.1042	-2.60138	
6.10446	-2.57411	
6.10472	-2.60095	
6.10497	-2.62779	
6.10523	-2.65463	
6.10549	-2.68147	
6.10575	-2.67111	
6.10601	-2.66076	
6.10627	-2.6504	
6.10653	-2.64005	
6.10679	-2.62969	
6.10705	-2.61934	
6.10731	-2.60898	
6.10757	-2.59863	
6.10782	-2.57996	
6.10808	-2.56129	
6.10834	-2.54263	
6.1086	-2.52396	
6.10886	-2.51206	
6.10912	-2.50015	
6.10938	-2.48825	
6.10964	-2.47634	
6.1099	-2.40301	
6.11016	-2.32969	
6.11041	-2.36455	
6.11067	-2.39942	
6.11093	-2.45796	
6.11119	-2.51649	
6.11145	-2.52093	
6.11171	-2.52537	
6.11197	-2.49741	
6.11223	-2.46944	
6.11249	-2.44147	
6.11275	-2.41351	
6.11301	-2.31792	
6.11326	-2.22233	
6.11352	-2.17746	
6.11378	-2.13259	
6.11404	-2.09279	
6.1143	-1.99889	
6.11456	-1.8509	
6.11482	-1.6488	
6.11508	-1.4546	
6.11534	-1.15219	
6.1156	-0.792312	
6.11585	-0.432429	
6.11611	0.0824232	
6.11637	0.705474	
6.11663	1.34205	
6.11689	2.03272	
6.11715	2.71663	
6.11741	3.34645	
6.11767	3.85566	
6.11793	4.18455	
6.11819	4.32071	
6.11844	4.40278	
6.1187	4.504	
6.11896	4.60522	
6.11922	4.68503	
6.11948	4.76484	
6.11974	4.88523	
6.12	5.11381	
6.12026	5.36412	
6.12052	5.50623	
6.12078	5.28544	
6.12104	4.74005	
6.12129	4.06167	
6.12155	3.38329	
6.12181	2.66771	
6.12207	1.89804	
6.12233	1.09455	
6.12259	0.399267	
6.12285	-0.165282	
6.12311	-0.621634	
6.12337	-0.954009	
6.12363	-1.23229	
6.12388	-1.42603	
6.12414	-1.61978	
6.1244	-1.67589	
6.12466	-1.73199	
6.12492	-1.7881	
6.12518	-1.84421	
6.12544	-1.89355	
6.1257	-1.94289	
6.12596	-1.99224	
6.12622	-2.04158	
6.12648	-2.08924	
6.12673	-2.13689	
6.12699	-2.18454	
6.12725	-2.23219	
6.12751	-2.2528	
6.12777	-2.2734	
6.12803	-2.29401	
6.12829	-2.31461	
6.12855	-2.36505	
6.12881	-2.41548	
6.12907	-2.46592	
6.12932	-2.51635	
6.12958	-2.53749	
6.12984	-2.55862	
6.1301	-2.53241	
6.13036	-2.39801	
6.13062	-2.3318	
6.13088	-2.26558	
6.13114	-2.3008	
6.1314	-2.33603	
6.13166	-2.35772	
6.13192	-2.37942	
6.13217	-2.40111	
6.13243	-2.42281	
6.13269	-2.40759	
6.13295	-2.39238	
6.13321	-2.37716	
6.13347	-2.36195	
6.13373	-2.40083	
6.13399	-2.43971	
6.13425	-2.47184	
6.13451	-2.50396	
6.13476	-2.51015	
6.13502	-2.40816	
6.13528	-2.36702	
6.13554	-2.32588	
6.1358	-2.22614	
6.13606	-2.12639	
6.13632	-2.14612	
6.13658	-2.27404	
6.13684	-2.40883	
6.1371	-2.54361	
6.13735	-2.50484	
6.13761	-2.46606	
6.13787	-2.44982	
6.13813	-2.43359	
6.13839	-2.48497	
6.13865	-2.42816	
6.13891	-2.36121	
6.13917	-2.40245	
6.13943	-2.48427	
6.13969	-2.56608	
6.13995	-2.5938	
6.1402	-2.62152	
6.14046	-2.64924	
6.14072	-2.67696	
6.14098	-2.67608	
6.14124	-2.6752	
6.1415	-2.67432	
6.14176	-2.67344	
6.14202	-2.67256	
6.14228	-2.67168	
6.14254	-2.6708	
6.14279	-2.66992	
6.14305	-2.62846	
6.14331	-2.58701	
6.14357	-2.54555	
6.14383	-2.5041	
6.14409	-2.51674	
6.14435	-2.52939	
6.14461	-2.54203	
6.14487	-2.55467	
6.14513	-2.57394	
6.14539	-2.5932	
6.14564	-2.61247	
6.1459	-2.63174	
6.14616	-2.651	
6.14642	-2.67027	
6.14668	-2.68953	
6.14694	-2.7088	
6.1472	-2.68073	
6.14746	-2.65266	
6.14772	-2.62459	
6.14798	-2.59652	
6.14823	-2.56844	
6.14849	-2.54037	
6.14875	-2.51907	
6.14901	-2.49776	
6.14927	-2.45419	
6.14953	-2.51882	
6.14979	-2.52259	
6.15005	-2.52636	
6.15031	-2.53689	
6.15057	-2.54742	
6.15083	-2.55795	
6.15108	-2.56848	
6.15134	-2.55083	
6.1516	-2.53319	
6.15186	-2.51554	
6.15212	-2.4979	
6.15238	-2.48701	
6.15264	-2.47613	
6.1529	-2.35705	
6.15316	-2.23797	
6.15342	-2.15182	
6.15367	-2.06567	
6.15393	-1.97276	
6.15419	-1.87985	
6.15445	-1.61337	
6.15471	-1.2387	
6.15497	-0.931644	
6.15523	-0.624592	
6.15549	-0.398125	
6.15575	-0.279854	
6.15601	-0.20892	
6.15626	-0.137986	
6.15652	-0.114388	
6.15678	-0.0907907	
6.15704	-0.0739555	
6.1573	-0.0571203	
6.15756	-0.131435	
6.15782	-0.313948	
6.15808	-0.615928	
6.15834	-0.917908	
6.1586	-1.20636	
6.15886	-1.49482	
6.15911	-1.67508	
6.15937	-1.85534	
6.15963	-2.00122	
6.15989	-2.1471	
6.16015	-2.24565	
6.16041	-2.236	
6.16067	-2.21508	
6.16093	-2.19416	
6.16119	-2.16647	
6.16145	-2.13879	
6.1617	-2.16644	
6.16196	-2.19409	
6.16222	-2.22173	
6.16248	-2.24938	
6.16274	-2.27703	
6.163	-2.30468	
6.16326	-2.33233	
6.16352	-2.35997	
6.16378	-2.36114	
6.16404	-2.3623	
6.1643	-2.36346	
6.16455	-2.36462	
6.16481	-2.41988	
6.16507	-2.47515	
6.16533	-2.53041	
6.16559	-2.58567	
6.16585	-2.57697	
6.16611	-2.56827	
6.16637	-2.55957	
6.16663	-2.55087	
6.16689	-2.5016	
6.16714	-2.45232	
6.1674	-2.51125	
6.16766	-2.57017	
6.16792	-2.60937	
6.16818	-2.64857	
6.16844	-2.57957	
6.1687	-2.51058	
6.16896	-2.44834	
6.16922	-2.38611	
6.16948	-2.43207	
6.16973	-2.47803	
6.16999	-2.46391	
6.17025	-2.44979	
6.17051	-2.43566	
6.17077	-2.42154	
6.17103	-2.41418	
6.17129	-2.40682	
6.17155	-2.39946	
6.17181	-2.3921	
6.17207	-2.40389	
6.17233	-2.41569	
6.17258	-2.42749	
6.17284	-2.43929	
6.1731	-2.45109	
6.17336	-2.46289	
6.17362	-2.47469	
6.17388	-2.48649	
6.17414	-2.48321	
6.1744	-2.47994	
6.17466	-2.47666	
6.17492	-2.47338	
6.17517	-2.47011	
6.17543	-2.46683	
6.17569	-2.46356	
6.17595	-2.46028	
6.17621	-2.4463	
6.17647	-2.43232	
6.17673	-2.41833	
6.17699	-2.40435	
6.17725	-2.39037	
6.17751	-2.37639	
6.17777	-2.3624	
6.17802	-2.34842	
6.17828	-2.33455	
6.17854	-2.32067	
6.1788	-2.30679	
6.17906	-2.29292	
6.17932	-2.30609	
6.17958	-2.31926	
6.17984	-2.3268	
6.1801	-2.33433	
6.18036	-2.28608	
6.18061	-2.14767	
6.18087	-2.05433	
6.18113	-1.961	
6.18139	-1.75383	
6.18165	-1.4565	
6.18191	-1.07464	
6.18217	-0.746878	
6.18243	-0.485189	
6.18269	-0.2776	
6.18295	-0.169191	
6.18321	-0.150948	
6.18346	-0.143973	
6.18372	-0.082901	
6.18398	-0.0308456	
6.18424	-0.0328884	
6.1845	-0.142001	
6.18476	-0.305213	
6.18502	-0.495474	
6.18528	-0.775899	
6.18554	-1.12846	
6.1858	-1.42691	
6.18605	-1.63183	
6.18631	-1.74658	
6.18657	-1.85682	
6.18683	-1.96706	
6.18709	-2.07166	
6.18735	-2.17626	
6.18761	-2.17943	
6.18787	-2.1826	
6.18813	-2.18577	
6.18839	-2.18894	
6.18864	-2.23043	
6.1889	-2.27192	
6.18916	-2.31341	
6.18942	-2.3549	
6.18968	-2.34229	
6.18994	-2.32969	
6.1902	-2.31708	
6.19046	-2.30447	
6.19072	-2.31581	
6.19098	-2.32715	
6.19124	-2.33849	
6.19149	-2.34983	
6.19175	-2.36793	
6.19201	-2.38604	
6.19227	-2.40414	
6.19253	-2.42224	
6.19279	-2.38794	
6.19305	-2.35363	
6.19331	-2.42753	
6.19357	-2.50142	
6.19383	-2.46035	
6.19408	-2.41929	
6.19434	-2.37822	
6.1946	-2.33715	
6.19486	-2.33578	
6.19512	-2.3344	
6.19538	-2.33303	
6.19564	-2.33166	
6.1959	-2.30323	
6.19616	-2.27481	
6.19642	-2.24639	
6.19668	-2.21797	
6.19693	-2.2025	
6.19719	-2.18704	
6.19745	-2.17158	
6.19771	-2.15612	
6.19797	-2.00766	
6.19823	-1.85921	
6.19849	-1.70399	
6.19875	-1.36845	
6.19901	-0.929214	
6.19927	-0.48998	
6.19952	-0.231074	
6.19978	-0.0803652	
6.20004	-0.0378542	
6.2003	0.00465679	
6.20056	0.0336428	
6.20082	0.0626297	
6.20108	0.128809	
6.20134	0.086791	
6.2016	-0.0746946	
6.20186	-0.236181	
6.20212	-0.494594	
6.20237	-0.753006	
6.20263	-1.01142	
6.20289	-1.26983	
6.20315	-1.5268	
6.20341	-1.78377	
6.20367	-1.92578	
6.20393	-2.06779	
6.20419	-2.09709	
6.20445	-2.0182	
6.20471	-2.00016	
6.20496	-1.98213	
6.20522	-2.02947	
6.20548	-2.0768	
6.20574	-2.12414	
6.206	-2.17147	
6.20626	-2.16471	
6.20652	-2.15795	
6.20678	-2.15119	
6.20704	-2.14443	
6.2073	-2.17725	
6.20755	-2.21008	
6.20781	-2.2429	
6.20807	-2.27573	
6.20833	-2.30855	
6.20859	-2.34138	
6.20885	-2.3742	
6.20911	-2.40703	
6.20937	-2.39703	
6.20963	-2.38702	
6.20989	-2.37702	
6.21015	-2.36702	
6.2104	-2.35702	
6.21066	-2.34701	
6.21092	-2.33701	
6.21118	-2.32701	
6.21144	-2.33919	
6.2117	-2.35138	
6.21196	-2.36357	
6.21222	-2.37575	
6.21248	-2.38794	
6.21274	-2.40013	
6.21299	-2.41231	
6.21325	-2.4245	
6.21351	-2.44119	
6.21377	-2.45789	
6.21403	-2.47458	
6.21429	-2.49128	
6.21455	-2.45387	
6.21481	-2.41647	
6.21507	-2.37906	
6.21533	-2.34166	
6.21559	-2.33821	
6.21584	-2.33476	
6.2161	-2.33131	
6.21636	-2.32785	
6.21662	-2.3244	
6.21688	-2.32095	
6.21714	-2.3175	
6.2174	-2.31405	
6.21766	-2.31623	
6.21792	-2.31841	
6.21818	-2.3206	
6.21843	-2.32278	
6.21869	-2.32497	
6.21895	-2.32715	
6.21921	-2.32933	
6.21947	-2.33152	
6.21973	-2.32856	
6.21999	-2.3256	
6.22025	-2.32264	
6.22051	-2.31968	
6.22077	-2.26939	
6.22103	-2.21909	
6.22128	-2.1688	
6.22154	-2.1185	
6.2218	-2.04905	
6.22206	-1.97959	
6.22232	-2.01834	
6.22258	-2.05708	
6.22284	-2.09582	
6.2231	-2.13456	
6.22336	-2.06511	
6.22362	-1.99565	
6.22387	-1.92634	
6.22413	-1.85703	
6.22439	-1.78771	
6.22465	-1.7184	
6.22491	-1.64683	
6.22517	-1.57526	
6.22543	-1.38423	
6.22569	-1.08499	
6.22595	-0.817319	
6.22621	-0.549643	
6.22646	-0.281967	
6.22672	-0.0142918	
6.22698	0.10912	
6.22724	0.124336	
6.2275	0.0955963	
6.22776	0.0668564	
6.22802	0.0430117	
6.22828	0.073266	
6.22854	0.0189915	
6.2288	-0.14348	
6.22906	-0.325112	
6.22931	-0.614942	
6.22957	-0.955488	
6.22983	-1.29603	
6.23009	-1.51937	
6.23035	-1.6886	
6.23061	-1.7688	
6.23087	-1.7408	
6.23113	-1.70604	
6.23139	-1.67127	
6.23165	-1.64891	
6.2319	-1.57244	
6.23216	-1.33059	
6.23242	-0.908399	
6.23268	-0.435493	
6.23294	-0.0707855	
6.2332	-0.0915308	
6.23346	-0.436867	
6.23372	-0.912942	
6.23398	-1.28082	
6.23424	-1.54163	
6.2345	-1.69424	
6.23475	-1.71724	
6.23501	-1.74024	
6.23527	-1.71252	
6.23553	-1.6307	
6.23579	-1.51845	
6.23605	-1.5144	
6.23631	-1.61369	
6.23657	-1.71297	
6.23683	-1.81902	
6.23709	-1.92507	
6.23734	-1.97026	
6.2376	-2.01545	
6.23786	-2.06064	
6.23812	-2.10582	
6.23838	-2.14763	
6.23864	-2.18944	
6.2389	-2.12305	
6.23916	-2.05666	
6.23942	-2.05113	
6.23968	-2.0456	
6.23993	-2.04007	
6.24019	-2.03454	
6.24045	-2.05197	
6.24071	-2.06941	
6.24097	-2.08684	
6.24123	-2.10427	
6.24149	-2.12171	
6.24175	-2.13914	
6.24201	-2.15658	
6.24227	-2.17401	
6.24253	-2.16552	
6.24278	-2.15703	
6.24304	-2.14855	
6.2433	-2.14006	
6.24356	-2.13157	
6.24382	-2.12308	
6.24408	-2.11459	
6.24434	-2.10611	
6.2446	-2.09656	
6.24486	-2.08702	
6.24512	-2.07747	
6.24537	-2.06793	
6.24563	-2.05838	
6.24589	-2.04884	
6.24615	-2.03929	
6.24641	-2.02975	
6.24667	-2.05063	
6.24693	-2.07152	
6.24719	-2.09241	
6.24745	-2.11329	
6.24771	-2.13418	
6.24797	-2.15506	
6.24822	-2.17595	
6.24848	-2.19683	
6.24874	-2.16785	
6.249	-2.13886	
6.24926	-2.10987	
6.24952	-2.08089	
6.24978	-2.11276	
6.25004	-2.14464	
6.2503	-2.06831	
6.25056	-1.99199	
6.25081	-2.04415	
6.25107	-2.09631	
6.25133	-2.14848	
6.25159	-2.20064	
6.25185	-2.19194	
6.25211	-2.18324	
6.25237	-2.17454	
6.25263	-2.16584	
6.25289	-2.16823	
6.25315	-2.17063	
6.25341	-2.17302	
6.25366	-2.17542	
6.25392	-2.23868	
6.25418	-2.30193	
6.25444	-2.25699	
6.2547	-2.21205	
6.25496	-2.3001	
6.25522	-2.38815	
6.25548	-2.4762	
6.25574	-2.56425	
6.256	-2.64554	
6.25625	-2.72683	
6.25651	-2.80812	
6.25677	-2.88941	
6.25703	-3.00282	
6.25729	-3.11623	
6.25755	-3.22964	
6.25781	-3.34305	
6.25807	-3.45646	
6.25833	-3.56987	
6.25859	-3.68328	
6.25884	-3.79669	
6.2591	-3.91348	
6.25936	-4.03027	
6.25962	-4.20116	
6.25988	-4.26385	
6.26014	-4.18115	
6.2604	-3.99026	
6.26066	-3.82303	
6.26092	-3.7099	
6.26118	-3.54937	
6.26144	-3.38883	
6.26169	-3.23168	
6.26195	-3.07453	
6.26221	-2.97147	
6.26247	-2.86842	
6.26273	-2.76536	
6.26299	-2.66231	
6.26325	-2.44373	
6.26351	-2.22515	
6.26377	-2.00657	
6.26403	-1.78799	
6.26428	-1.63028	
6.26454	-1.47256	
6.2648	-1.31484	
6.26506	-1.15713	
6.26532	-1.08605	
6.26558	-1.01498	
6.26584	-1.0521	
6.2661	-1.08922	
6.26636	-1.09253	
6.26662	-1.09584	
6.26688	-1.09915	
6.26713	-1.10246	
6.26739	-1.12663	
6.26765	-1.15079	
6.26791	-1.17495	
6.26817	-1.19911	
6.26843	-1.28413	
6.26869	-1.36915	
6.26895	-1.34598	
6.26921	-1.3228	
6.26947	-1.28131	
6.26972	-1.23982	
6.26998	-1.19833	
6.27024	-1.15684	
6.2705	-1.10859	
6.27076	-1.06034	
6.27102	-1.01209	
6.27128	-0.963836	
6.27154	-0.917838	
6.2718	-0.87184	
6.27206	-0.825842	
6.27232	-0.779844	
6.27257	-0.733846	
6.27283	-0.687848	
6.27309	-0.64185	
6.27335	-0.595852	
6.27361	-0.577326	
6.27387	-0.558801	
6.27413	-0.540275	
6.27439	-0.521749	
6.27465	-0.455886	
6.27491	-0.390024	
6.27516	-0.324162	
6.27542	-0.258299	
6.27568	-0.207652	
6.27594	-0.157005	
6.2762	-0.214556	
6.27646	-0.272106	
6.27672	-0.295844	
6.27698	-0.319583	
6.27724	-0.343322	
6.2775	-0.36706	
6.27775	-0.389108	
6.27801	-0.411156	
6.27827	-0.433204	
6.27853	-0.455252	
6.27879	-0.362341	
6.27905	-0.269429	
6.27931	-0.284715	
6.27957	-0.3	
6.27983	-0.293308	
6.28009	-0.286616	
6.28035	-0.279924	
6.2806	-0.273232	
6.28086	-0.273303	
6.28112	-0.273374	
6.28138	-0.273444	
6.28164	-0.273515	
6.2819	-0.280066	
6.28216	-0.286616	
6.28242	-0.293167	
6.28268	-0.299719	
6.28294	-0.421229	
6.28319	-0.54274	
6.28345	-0.556053	
6.28371	-0.569366	
6.28397	-0.608039	
6.28423	-0.64671	
6.28449	-0.685383	
6.28475	-0.724054	
6.28501	-0.755964	
6.28527	-0.787874	
6.28553	-0.819784	
6.28579	-0.851694	
6.28604	-0.812881	
6.2863	-0.774068	
6.28656	-0.735255	
6.28682	-0.696442	
6.28708	-0.63058	
6.28734	-0.564717	
6.2876	-0.498855	
6.28786	-0.432993	
6.28812	-0.320357	
6.28838	-0.207723	
6.28863	-0.095088	
6.28889	0.0175476	
6.28915	0.100879	
6.28941	0.184211	
6.28967	0.159345	
6.28993	0.13448	
6.29019	0.119757	
6.29045	0.105035	
6.29071	0.090313	
6.29097	0.0755911	
6.29123	0.180336	
6.29148	0.285082	
6.29174	0.389828	
6.292	0.494574	
6.29226	0.548601	
6.29252	0.60263	
6.29278	0.656658	
6.29304	0.710686	
6.2933	0.67455	
6.29356	0.638413	
6.29382	0.602278	
6.29407	0.566141	
6.29433	0.64986	
6.29459	0.73358	
6.29485	0.817298	
6.29511	0.901017	
6.29537	1.08166	
6.29563	1.26231	
6.29589	1.44296	
6.29615	1.6236	
6.29641	1.80368	
6.29666	1.98376	
6.29692	2.27204	
6.29718	2.56032	
6.29744	2.60967	
6.2977	2.65901	
6.29796	2.88643	
6.29822	3.22205	
6.29848	3.58358	
6.29874	3.72873	
6.299	3.7499	
6.29926	3.77106	
6.29951	3.94551	
6.29977	4.11996	
6.30003	4.31469	
6.30029	4.29303	
6.30055	4.26066	
6.30081	4.33649	
6.30107	4.63773	
6.30133	4.83078	
6.30159	4.83447	
6.30185	4.62178	
6.3021	4.34371	
6.30236	4.06565	
6.30262	3.71087	
6.30288	3.35609	
6.30314	3.13431	
6.3034	3.02073	
6.30366	3.02661	
6.30392	3.24888	
6.30418	3.53653	
6.30444	3.82417	
6.3047	4.08139	
6.30495	4.33861	
6.30521	4.48762	
6.30547	4.63664	
6.30573	4.71803	
6.30599	4.79943	
6.30625	5.06115	
6.30651	5.32288	
6.30677	5.73548	
6.30703	6.14809	
6.30729	6.70496	
6.30754	7.47823	
6.3078	8.40026	
6.30806	9.53869	
6.30832	10.7357	
6.30858	11.9328	
6.30884	13.034	
6.3091	13.9189	
6.30936	14.8555	
6.30962	15.684	
6.30988	16.1496	
6.31013	16.2545	
6.31039	16.2445	
6.31065	16.2345	
6.31091	16.4308	
6.31117	16.8436	
6.31143	17.4097	
6.31169	17.9758	
6.31195	18.7357	
6.31221	19.8562	
6.31247	21.2315	
6.31273	22.4986	
6.31298	23.5482	
6.31324	24.5978	
6.3135	25.6541	
6.31376	26.7104	
6.31402	27.8569	
6.31428	29.2198	
6.31454	30.6526	
6.3148	31.9772	
6.31506	33.1785	
6.31532	34.7404	
6.31557	36.8141	
6.31583	39.2484	
6.31609	42.0117	
6.31635	45.1358	
6.31661	48.8459	
6.31687	53.2052	
6.31713	57.9872	
6.31739	62.9855	
6.31765	68.065	
6.31791	73.3609	
6.31817	79.2519	
6.31842	85.6478	
6.31868	92.8371	
6.31894	101.686	
6.3192	113.176	
6.31946	128.346	
6.31972	148.601	
6.31998	176.141	
6.32024	214.33	
6.3205	268.748	
6.32076	347.005	
6.32101	455.919	
6.32127	594.838	
6.32153	747.967	
6.32179	892.647	
6.32205	1027.88	
6.32231	1177.93	
6.32257	1341.76	
6.32283	1460.9	
6.32309	1476.82	
6.32335	1421.3	
6.32361	1375.81	
6.32386	1370.91	
6.32412	1384.83	
6.32438	1390.18	
6.32464	1383.48	
6.3249	1387.81	
6.32516	1433.89	
6.32542	1511.63	
6.32568	1549.77	
6.32594	1482.7	
6.3262	1340.68	
6.32645	1197.04	
6.32671	1068.91	
6.32697	931.405	
6.32723	775.364	
6.32749	622.865	
6.32775	495.647	
6.32801	398.159	
6.32827	325.521	
6.32853	271.523	
6.32879	230.979	
6.32904	199.951	
6.3293	175.595	
6.32956	155.794	
6.32982	139.274	
6.33008	125.428	
6.33034	113.855	
6.3306	104.206	
6.33086	95.8193	
6.33112	88.064	
6.33138	80.9218	
6.33164	74.6403	
6.33189	69.4048	
6.33215	65.0754	
6.33241	61.2149	
6.33267	57.67	
6.33293	54.5218	
6.33319	52.0047	
6.33345	50.1008	
6.33371	48.4098	
6.33397	46.3943	
6.33423	44.1128	
6.33448	42.0116	
6.33474	40.2373	
6.335	38.6433	
6.33526	37.1394	
6.33552	35.6356	
6.33578	34.054	
6.33604	32.4724	
6.3363	30.8885	
6.33656	29.6292	
6.33682	28.6269	
6.33708	27.6246	
6.33733	26.593	
6.33759	25.6696	
6.33785	24.9682	
6.33811	24.4472	
6.33837	23.9667	
6.33863	23.2337	
6.33889	22.219	
6.33915	21.0961	
6.33941	20.1987	
6.33967	19.3012	
6.33992	18.4734	
6.34018	17.6457	
6.34044	17.0163	
6.3407	16.6394	
6.34096	16.6163	
6.34122	16.8457	
6.34148	17.251	
6.34174	17.8366	
6.342	18.6306	
6.34226	19.5329	
6.34252	20.3495	
6.34277	21.058	
6.34303	21.816	
6.34329	22.7543	
6.34355	23.8865	
6.34381	25.1991	
6.34407	26.6583	
6.34433	28.2257	
6.34459	29.9486	
6.34485	31.6716	
6.34511	33.5861	
6.34536	35.8974	
6.34562	38.8827	
6.34588	42.9138	
6.34614	48.533	
6.3464	56.5686	
6.34666	68.3099	
6.34692	85.8578	
6.34718	112.44	
6.34744	151.826	
6.3477	206.003	
6.34795	271.18	
6.34821	336.492	
6.34847	390.442	
6.34873	428.871	
6.34899	452.332	
6.34925	462.228	
6.34951	464.586	
6.34977	468.396	
6.35003	475.272	
6.35029	477.494	
6.35055	467.85	
6.3508	443.942	
6.35106	403.841	
6.35132	348.038	
6.35158	284.48	
6.35184	224.34	
6.3521	174.911	
6.35236	137.702	
6.35262	110.844	
6.35288	91.7528	
6.35314	78.1079	
6.35339	68.0381	
6.35365	60.3846	
6.35391	54.3587	
6.35417	49.3786	
6.35443	44.9902	
6.35469	40.9986	
6.35495	37.3496	
6.35521	33.953	
6.35547	30.9848	
6.35573	28.4853	
6.35599	26.2496	
6.35624	24.1943	
6.3565	22.3066	
6.35676	20.4189	
6.35702	18.601	
6.35728	16.8914	
6.35754	15.2832	
6.3578	13.8553	
6.35806	12.707	
6.35832	11.7389	
6.35858	10.8982	
6.35883	10.1658	
6.35909	9.63615	
6.35935	9.10654	
6.35961	8.81361	
6.35987	8.52068	
6.36013	8.22775	
6.36039	7.93483	
6.36065	7.64521	
6.36091	7.35559	
6.36117	7.06597	
6.36142	6.77635	
6.36168	6.5476	
6.36194	6.31884	
6.3622	6.09008	
6.36246	5.86133	
6.36272	5.75767	
6.36298	5.65402	
6.36324	5.65856	
6.3635	5.66311	
6.36376	5.73302	
6.36402	5.80293	
6.36427	5.87284	
6.36453	5.94276	
6.36479	5.95843	
6.36505	5.9741	
6.36531	5.98977	
6.36557	6.00545	
6.36583	6.15411	
6.36609	6.30278	
6.36635	6.45144	
6.36661	6.60011	
6.36686	6.83556	
6.36712	7.07101	
6.36738	7.36732	
6.36764	7.77183	
6.3679	8.28002	
6.36816	9.00461	
6.36842	9.87797	
6.36868	10.8595	
6.36894	11.9469	
6.3692	13.0343	
6.36946	14.1284	
6.36971	15.2225	
6.36997	16.3707	
6.37023	17.5189	
6.37049	18.7979	
6.37075	20.2933	
6.37101	21.7807	
6.37127	23.2682	
6.37153	24.7917	
6.37179	26.3153	
6.37205	28.107	
6.3723	30.2595	
6.37256	33.0656	
6.37282	36.9537	
6.37308	42.2149	
6.37334	49.568	
6.3736	60.1219	
6.37386	75.6529	
6.37412	99.0282	
6.37438	134.017	
6.37464	183.612	
6.3749	246.118	
6.37515	312.145	
6.37541	368.866	
6.37567	409.647	
6.37593	434.342	
6.37619	444.669	
6.37645	446.124	
6.37671	448.959	
6.37697	457.636	
6.37723	464.522	
6.37749	459.795	
6.37774	439.938	
6.378	403.564	
6.37826	350.504	
6.37852	287.418	
6.37878	225.747	
6.37904	174.247	
6.3793	135.608	
6.37956	108.005	
6.37982	88.562	
6.38008	74.673	
6.38033	64.6159	
6.38059	57.0835	
6.38085	51.2552	
6.38111	46.5088	
6.38137	42.4652	
6.38163	38.9265	
6.38189	35.7394	
6.38215	32.913	
6.38241	30.5465	
6.38267	28.3963	
6.38293	26.4941	
6.38318	24.8082	
6.38344	23.261	
6.3837	21.7138	
6.38396	20.2523	
6.38422	19.0072	
6.38448	18.0145	
6.38474	17.2382	
6.385	16.8496	
6.38526	16.8217	
6.38552	17.1838	
6.38577	17.7624	
6.38603	18.4221	
6.38629	19.0818	
6.38655	19.9309	
6.38681	20.7799	
6.38707	21.7507	
6.38733	22.7215	
6.38759	23.7543	
6.38785	25.0034	
6.38811	26.4667	
6.38837	28.0382	
6.38862	29.6255	
6.38888	31.2128	
6.38914	32.8519	
6.3894	34.8517	
6.38966	37.5986	
6.38992	41.4274	
6.39018	46.8883	
6.39044	54.5852	
6.3907	65.7579	
6.39096	82.3405	
6.39121	107.39	
6.39147	144.629	
6.39173	196.126	
6.39199	258.227	
6.39225	320.004	
6.39251	370.167	
6.39277	405.047	
6.39303	425.573	
6.39329	433.38	
6.39355	434.478	
6.39381	437.751	
6.39406	444.451	
6.39432	446.604	
6.39458	437.18	
6.39484	414.073	
6.3951	375.639	
6.39536	322.436	
6.39562	261.911	
6.39588	204.893	
6.39614	158.441	
6.3964	123.942	
6.39665	99.3598	
6.39691	81.9777	
6.39717	69.5365	
6.39743	60.4991	
6.39769	53.6617	
6.39795	48.1794	
6.39821	43.5988	
6.39847	39.5636	
6.39873	35.9252	
6.39899	32.6046	
6.39924	29.6087	
6.3995	27.068	
6.39976	24.9241	
6.40002	23.036	
6.40028	21.256	
6.40054	19.4468	
6.4008	17.6376	
6.40106	15.8329	
6.40132	14.1364	
6.40158	12.6451	
6.40184	11.4062	
6.40209	10.4214	
6.40235	9.61703	
6.40261	8.91857	
6.40287	8.32831	
6.40313	7.88907	
6.40339	7.44984	
6.40365	7.12556	
6.40391	6.80129	
6.40417	6.51872	
6.40443	6.23614	
6.40468	5.95357	
6.40494	5.671	
6.4052	5.39518	
6.40546	5.11937	
6.40572	4.95176	
6.40598	4.78414	
6.40624	4.57032	
6.4065	4.3565	
6.40676	4.25087	
6.40702	4.14524	
6.40728	4.11851	
6.40753	4.09178	
6.40779	4.24538	
6.40805	4.39897	
6.40831	4.40492	
6.40857	4.41088	
6.40883	4.41683	
6.40909	4.42278	
6.40935	4.53693	
6.40961	4.65108	
6.40987	4.76523	
6.41012	4.87938	
6.41038	5.02428	
6.41064	5.16917	
6.4109	5.42903	
6.41116	5.68889	
6.41142	5.95551	
6.41168	6.33032	
6.41194	6.73444	
6.4122	7.31889	
6.41246	8.06451	
6.41272	8.99045	
6.41297	10.09	
6.41323	11.2977	
6.41349	12.4783	
6.41375	13.659	
6.41401	14.7382	
6.41427	15.8174	
6.41453	17.087	
6.41479	18.3566	
6.41505	19.7411	
6.41531	21.1256	
6.41556	22.5462	
6.41582	24.075	
6.41608	25.8043	
6.41634	28.0026	
6.4166	30.8737	
6.41686	34.6464	
6.41712	39.7491	
6.41738	46.8354	
6.41764	56.9557	
6.4179	71.7285	
6.41815	93.6604	
6.41841	126.159	
6.41867	171.635	
6.41893	228.327	
6.41919	287.743	
6.41945	338.682	
6.41971	375.209	
6.41997	397.274	
6.42023	406.553	
6.42049	408.15	
6.42075	410.612	
6.421	417.582	
6.42126	422.753	
6.42152	417.645	
6.42178	398.982	
6.42204	365.567	
6.4223	317.505	
6.42256	260.535	
6.42282	204.882	
6.42308	158.282	
6.42334	123.025	
6.42359	97.6853	
6.42385	79.6853	
6.42411	66.7706	
6.42437	57.3949	
6.42463	50.3634	
6.42489	44.8861	
6.42515	40.4547	
6.42541	36.7086	
6.42567	33.3592	
6.42593	30.2217	
6.42619	27.3367	
6.42644	24.7807	
6.4267	22.5493	
6.42696	20.5986	
6.42722	18.9003	
6.42748	17.2674	
6.42774	15.6344	
6.428	14.0218	
6.42826	12.5174	
6.42852	11.0828	
6.42878	9.75643	
6.42903	8.60475	
6.42929	7.63341	
6.42955	6.86268	
6.42981	6.27228	
6.43007	5.73372	
6.43033	5.19517	
6.43059	4.77608	
6.43085	4.35699	
6.43111	3.98453	
6.43137	3.61208	
6.43162	3.23962	
6.43188	2.86716	
6.43214	2.63446	
6.4324	2.40176	
6.43266	2.16906	
6.43292	1.93636	
6.43318	1.68168	
6.43344	1.427	
6.4337	1.21966	
6.43396	1.12051	
6.43422	1.13407	
6.43447	1.14763	
6.43473	1.16119	
6.43499	1.17475	
6.43525	1.1714	
6.43551	1.05986	
6.43577	1.00918	
6.43603	0.958497	
6.43629	0.813143	
6.43655	0.667788	
6.43681	0.63063	
6.43706	0.593472	
6.43732	0.527575	
6.43758	0.461678	
6.43784	0.39578	
6.4381	0.329883	
6.43836	0.16255	
6.43862	-0.00478268	
6.43888	-0.124779	
6.43914	-0.136578	
6.4394	-0.183315	
6.43966	-0.230053	
6.43991	-0.270028	
6.44017	-0.310003	
6.44043	-0.349978	
6.44069	-0.389954	
6.44095	-0.429929	
6.44121	-0.469904	
6.44147	-0.554961	
6.44173	-0.640018	
6.44199	-0.833273	
6.44225	-1.02653	
6.4425	-1.17921	
6.44276	-1.33189	
6.44302	-1.47781	
6.44328	-1.62373	
6.44354	-1.77394	
6.4438	-1.81592	
6.44406	-1.81057	
6.44432	-1.80522	
6.44458	-1.87428	
6.44484	-1.94332	
6.4451	-2.01235	
6.44535	-2.08138	
6.44561	-2.18539	
6.44587	-2.28936	
6.44613	-2.34599	
6.44639	-2.29443	
6.44665	-2.23839	
6.44691	-2.18232	
6.44717	-2.11949	
6.44743	-2.05666	
6.44769	-2.00302	
6.44794	-1.94934	
6.4482	-1.89566	
6.44846	-1.84199	
6.44872	-1.87851	
6.44898	-1.915	
6.44924	-1.95149	
6.4495	-1.98798	
6.44976	-2.00478	
6.45002	-2.02154	
6.45028	-2.03831	
6.45053	-2.05507	
6.45079	-2.13273	
6.45105	-2.21036	
6.45131	-2.17979	
6.45157	-2.14922	
6.45183	-2.14816	
6.45209	-2.1471	
6.45235	-2.14605	
6.45261	-2.14499	
6.45287	-2.16422	
6.45313	-2.18345	
6.45338	-2.20268	
6.45364	-2.22191	
6.4539	-2.21804	
6.45416	-2.21416	
6.45442	-2.21029	
6.45468	-2.20641	
6.45494	-2.14844	
6.4552	-2.09047	
6.45546	-2.03249	
6.45572	-1.97452	
6.45597	-1.91359	
6.45623	-1.85266	
6.45649	-1.79173	
6.45675	-1.7308	
6.45701	-1.72396	
6.45727	-1.71713	
6.45753	-1.7103	
6.45779	-1.70347	
6.45805	-1.68593	
6.45831	-1.66839	
6.45857	-1.65085	
6.45882	-1.63331	
6.45908	-1.66986	
6.45934	-1.70642	
6.4596	-1.74298	
6.45986	-1.77954	
6.46012	-1.84385	
6.46038	-1.90817	
6.46064	-1.97248	
6.4609	-2.03676	
6.46116	-2.03795	
6.46141	-2.03915	
6.46167	-2.04035	
6.46193	-2.04151	
6.46219	-2.05792	
6.46245	-2.07434	
6.46271	-2.09075	
6.46297	-2.10713	
6.46323	-2.08973	
6.46349	-2.07233	
6.46375	-2.05493	
6.46401	-2.0375	
6.46426	-2.11731	
6.46452	-2.19711	
6.46478	-2.16873	
6.46504	-2.1403	
6.4653	-2.14573	
6.46556	-2.15115	
6.46582	-2.15658	
6.46608	-2.16197	
6.46634	-2.17077	
6.4666	-2.17958	
6.46685	-2.18838	
6.46711	-2.19715	
6.46737	-2.233	
6.46763	-2.26886	
6.46789	-2.30471	
6.46815	-2.34053	
6.46841	-2.34324	
6.46867	-2.34596	
6.46893	-2.34867	
6.46919	-2.35138	
6.46944	-2.30901	
6.4697	-2.26664	
6.46996	-2.22427	
6.47022	-2.1819	
6.47048	-2.20377	
6.47074	-2.22564	
6.471	-2.24752	
6.47126	-2.26939	
6.47152	-2.29126	
6.47178	-2.31313	
6.47204	-2.335	
6.47229	-2.35688	
6.47255	-2.34106	
6.47281	-2.32525	
6.47307	-2.30943	
6.47333	-2.29362	
6.47359	-2.21694	
6.47385	-2.14027	
6.47411	-2.17179	
6.47437	-2.20331	
6.47463	-2.21286	
6.47488	-2.2224	
6.47514	-2.23195	
6.4754	-2.24149	
6.47566	-2.2578	
6.47592	-2.27411	
6.47618	-2.29041	
6.47644	-2.30672	
6.4767	-2.28312	
6.47696	-2.25953	
6.47722	-2.23593	
6.47748	-2.21233	
6.47773	-2.25185	
6.47799	-2.29137	
6.47825	-2.33088	
6.47851	-2.3704	
6.47877	-2.39808	
6.47903	-2.42577	
6.47929	-2.45345	
6.47955	-2.48113	
6.47981	-2.46373	
6.48007	-2.44633	
6.48032	-2.42894	
6.48058	-2.41154	
6.48084	-2.37646	
6.4811	-2.34138	
6.48136	-2.3063	
6.48162	-2.27122	
6.48188	-2.14823	
6.48214	-2.02524	
6.4824	-2.01045	
6.48266	-1.99565	
6.48292	-1.98424	
6.48317	-1.97283	
6.48343	-1.96142	
6.48369	-1.95001	
6.48395	-1.94311	
6.48421	-1.9362	
6.48447	-1.8211	
6.48473	-1.706	
6.48499	-1.68899	
6.48525	-1.67198	
6.48551	-1.65497	
6.48576	-1.63796	
6.48602	-1.64123	
6.48628	-1.64451	
6.48654	-1.64778	
6.4868	-1.65106	
6.48706	-1.74337	
6.48732	-1.83568	
6.48758	-1.928	
6.48784	-2.02031	
6.4881	-2.1284	
6.48835	-2.23649	
6.48861	-2.23639	
6.48887	-2.23628	
6.48913	-2.21497	
6.48939	-2.19366	
6.48965	-2.17236	
6.48991	-2.15105	
6.49017	-2.16806	
6.49043	-2.18507	
6.49069	-2.20208	
6.49095	-2.21909	
6.4912	-2.22652	
6.49146	-2.23396	
6.49172	-2.24139	
6.49198	-2.24882	
6.49224	-2.27203	
6.4925	-2.29524	
6.49276	-2.21025	
6.49302	-2.12527	
6.49328	-2.09614	
6.49354	-2.06701	
6.49379	-2.03788	
6.49405	-2.00876	
6.49431	-2.02246	
6.49457	-2.03616	
6.49483	-1.94166	
6.49509	-1.84717	
6.49535	-1.86143	
6.49561	-1.87569	
6.49587	-1.77049	
6.49613	-1.55709	
6.49639	-1.33467	
6.49664	-1.11226	
6.4969	-0.774878	
6.49716	-0.437501	
6.49742	-0.083148	
6.49768	0.271205	
6.49794	0.622177	
6.4982	0.973149	
6.49846	1.20127	
6.49872	1.3753	
6.49898	1.45352	
6.49923	1.42355	
6.49949	1.3237	
6.49975	1.11565	
6.50001	0.811804	
